-- MySQL dump 10.13  Distrib 5.7.9, for osx10.9 (x86_64)
--
-- Host: localhost    Database: scientificSN2
-- ------------------------------------------------------
-- Server version	5.7.11

/*!40101 SET @OLD_CHARACTER_SET_CLIENT=@@CHARACTER_SET_CLIENT */;
/*!40101 SET @OLD_CHARACTER_SET_RESULTS=@@CHARACTER_SET_RESULTS */;
/*!40101 SET @OLD_COLLATION_CONNECTION=@@COLLATION_CONNECTION */;
/*!40101 SET NAMES utf8 */;
/*!40103 SET @OLD_TIME_ZONE=@@TIME_ZONE */;
/*!40103 SET TIME_ZONE='+00:00' */;
/*!40014 SET @OLD_UNIQUE_CHECKS=@@UNIQUE_CHECKS, UNIQUE_CHECKS=0 */;
/*!40014 SET @OLD_FOREIGN_KEY_CHECKS=@@FOREIGN_KEY_CHECKS, FOREIGN_KEY_CHECKS=0 */;
/*!40101 SET @OLD_SQL_MODE=@@SQL_MODE, SQL_MODE='NO_AUTO_VALUE_ON_ZERO' */;
/*!40111 SET @OLD_SQL_NOTES=@@SQL_NOTES, SQL_NOTES=0 */;

--
-- Table structure for table `author`
--

DROP TABLE IF EXISTS `author`;
/*!40101 SET @saved_cs_client     = @@character_set_client */;
/*!40101 SET character_set_client = utf8 */;
CREATE TABLE `author` (
  `id` bigint(20) NOT NULL AUTO_INCREMENT,
  `name` varchar(255) DEFAULT NULL,
  PRIMARY KEY (`id`)
) ENGINE=InnoDB AUTO_INCREMENT=1020 DEFAULT CHARSET=utf8;
/*!40101 SET character_set_client = @saved_cs_client */;

--
-- Dumping data for table `author`
--

LOCK TABLES `author` WRITE;
/*!40000 ALTER TABLE `author` DISABLE KEYS */;
INSERT INTO `author` VALUES (1,'Jih-Jeng Huang'),(2,'Chao Han'),(3,'Ke Wang'),(4,'Wei He'),(5,'Minqi Zhou'),(6,'Xueqing Gong'),(7,'Xiaofeng He'),(8,'Pedro Martins 0003'),(9,'Maryam Abbasi'),(10,'Pedro Furtado'),(11,'Matthew Saltz'),(12,'Ayushi Jain'),(13,'Abhishek Kothari'),(14,'Arash Fard'),(15,'John A. Miller'),(16,'Lakshmish Ramaswamy'),(17,'Li Kuang'),(18,'Liang Chen'),(19,'Yanan Xie'),(20,'Jian Wu'),(21,'Jessica Hartog'),(22,'Renan Delvalle'),(23,'Madhusudhan Govindaraju'),(24,'Michael J. Lewis'),(25,'Robertus Nugroho'),(26,'Jian Yang'),(27,'Youliang Zhong'),(28,'C'),(29,'écile Paris'),(30,'Surya Nepal'),(31,'Artem Chebotko'),(32,'Andrey Kashlev'),(33,'Shiyong Lu'),(34,'Fang Du'),(35,'Haoqiong Bian'),(36,'Yueguo Chen'),(37,'Xiaoyong Du'),(38,'Fenno F. Heath III'),(39,'Richard Hull'),(40,'Elham Khabiri'),(41,'Matthew Riemer'),(42,'Noi Sukaviriya'),(43,'Roman Vacul'),(44,'ín'),(45,'Anirudh Thommandram'),(46,'J. Mikael Eklund'),(47,'Carolyn McGregor'),(48,'James Edward Pugh'),(49,'Andrew G. James'),(50,'Hang Yang'),(51,'Huajun Chen'),(52,'Cai Yuan'),(53,'Fang Lianhang'),(54,'Saixia Lyu'),(55,'Jianxun Liu'),(56,'Mingdong Tang'),(57,'Guosheng Kang'),(58,'Buqing Cao'),(59,'Yucong Duan'),(60,'Angelos Molfetas'),(61,'Anthony Wirth'),(62,'Justin Zobel'),(63,'Wilson A. Higashino'),(64,'Miriam A. M. Capretz'),(65,'Luiz F. Bittencourt'),(66,'You-Wei Cheah'),(67,'Shane Richard Canon'),(68,'Beth Plale'),(69,'Lavanya Ramakrishnan'),(70,'Deepak Puthal'),(71,'Rajiv Ranjan'),(72,'Jinjun Chen'),(73,'Jingquan Li'),(74,'Xueying Li'),(75,'Jack Li'),(76,'Qingyang Wang'),(77,'Deepal Jayasinghe'),(78,'Junhee Park'),(79,'Tao Zhu'),(80,'Calton Pu'),(81,'Xiaolu Zhu'),(82,'Jinglin Li'),(83,'Zhihan Liu'),(84,'Fangchun Yang'),(85,'Carsten Binnig'),(86,'Abdallah Salama'),(87,'Erfan Zamanian'),(88,'Harald Kornmayer'),(89,'Sven Listing'),(90,'Alexander C. M'),(91,'üller'),(92,'Minh-Son Dao'),(93,'Koji Zettsu'),(94,'Bin Cheng'),(95,'Salvatore Longo'),(96,'Flavio Cirillo'),(97,'Martin Bauer'),(98,'Ern'),(99,'ö Kovacs'),(100,'Mustafa V. Nural'),(101,'Michael E. Cotterell'),(102,'Fatema Rashid'),(103,'Ali Miri'),(104,'Isaac Woungang'),(105,'Elena Baralis'),(106,'Luca Cagliero'),(107,'Paolo Garza'),(108,'Luigi Grimaudo'),(109,'Raghava Rao Mukkamala'),(110,'Jannie Iskou Sorensen'),(111,'Abid Hussain'),(112,'Ravi Vatrapu'),(113,'U. S. N. Raju'),(114,'Irlanki Sandeep'),(115,'Nattam Sai Karthik'),(116,'Rayapudi Siva Praveen'),(117,'Mayank Singh Sachan'),(118,'Feng Yu'),(119,'Eric S. Jones'),(120,'Wen-Chi Hou'),(121,'Elisa Bertino'),(122,'Jos'),(123,'é I. Rodrigues'),(124,'Mauro J. G. Figueiredo'),(125,'Ivo Silvestre'),(126,'Cristina Veiga-Pires'),(127,'Huseyin Ulusoy'),(128,'Murat Kantarcioglu'),(129,'Erman Pattuk'),(130,'Kevin W. Hamlen'),(131,'Qunyan Zhang'),(132,'Haixin Ma'),(133,'Weining Qian'),(134,'Aoying Zhou'),(135,'Ravi K. Vatrapu'),(136,'Katherine G. Herbert'),(137,'Emily Hill'),(138,'Jerry Alan Fails'),(139,'Joseph O. Ajala'),(140,'Richard T. Boniface'),(141,'Paul W. Cushman'),(142,'Tianjian Chen'),(143,'Zhengrui Man'),(144,'Hao Li'),(145,'Xin Sun'),(146,'Raymond K. Wong'),(147,'Zhiwei Yu'),(148,'Lijuan Wang'),(149,'Jun Shen'),(150,'Michael A. Hayes'),(151,'Jeyhun Karimov'),(152,'A. Murat Ozbayoglu'),(153,'Erdogan Dogdu'),(154,'Yen-Hui Liang'),(155,'Shiow-Yang Wu'),(156,'Jeff Sedayao'),(157,'Rahul Bhardwaj'),(158,'Nakul Gorade'),(159,'Sanat Kumar Bista'),(160,'Liqiang Wang'),(161,'Shijun Liu'),(162,'Li Pan'),(163,'Lei Wu'),(164,'Xiangxu Meng'),(165,'Keren Ouaknine'),(166,'Michael Carey'),(167,'Scott Kirkpatrick'),(168,'Wei Zhou'),(169,'Chi-Hung Chi'),(170,'Can Wang'),(171,'Chen (Cherie) Ding'),(172,'Yi-Cheng Huang'),(173,'Wenwey Hseush'),(174,'Yu-Chun Lai'),(175,'Michael Fong'),(176,'Xiao Fu'),(177,'Zhijian Wang'),(178,'Hao Wu'),(179,'Jia-qi Yang'),(180,'Zi-zhao Wang'),(181,'Badari N. Thyamagondlu'),(182,'Victor W. Chu'),(183,'Omar Hasan'),(184,'Benjamin Habegger'),(185,'Lionel Brunie'),(186,'Nadia Bennani'),(187,'Ernesto Damiani'),(188,'Maggie Haitian Wang'),(189,'Kelvin K. F. Tsoi'),(190,'Xin Lai'),(191,'Marc Chong'),(192,'Benny Zee'),(193,'Tian Zheng'),(194,'Shaw-Hwa Lo'),(195,'Inchi Hu'),(196,'Changjian Wang'),(197,'Yuxing Peng'),(198,'Mingxing Tang'),(199,'Dongsheng Li'),(200,'Shanshan Li'),(201,'Pengfei You'),(202,'Kai-Fung Hong'),(203,'Chien-Chih Chen'),(204,'Yu-Ting Chiu'),(205,'Kuo-Sen Chou'),(206,'Krys J. Kochut'),(207,'Aleksandr Drozd'),(208,'Miquel Peric'),(209,'às'),(210,'Satoshi Matsuoka'),(211,'Yue Zhao'),(212,'Kenji Yoshigoe'),(213,'Mengjun Xie'),(214,'Suijian Zhou'),(215,'Remzi Seker'),(216,'Jiang Bian'),(217,'Ivan Giangreco'),(218,'Ihab Al Kabary'),(219,'Heiko Schuldt'),(220,'Rosangela de Fatima Pereira'),(221,'Marcelo Risse de Andrade'),(222,'Artur Carvalho Zucchi'),(223,'Karen Langona'),(224,'Walter Akio Goya'),(225,'Nelson Mimura Gonzalez'),(226,'Tereza Cristina Melo de Brito Carvalho'),(227,'Jan-Erik M'),(228,'ångs'),(229,'Azimeh Sefidcon'),(230,'Peter Ivie'),(231,'Douglas Thain'),(232,'M. Usman Nisar'),(233,'Gwan-Hwan Hwang'),(234,'Yi-Chan Kao'),(235,'Yu-Cheng Hsiao'),(236,'Antonio M. Rinaldi'),(237,'Verena Kantere'),(238,'Wei-Feng Tung'),(239,'Guillaume Jordann'),(240,'N. Denizcan Vanli'),(241,'Muhammed O. Sayin'),(242,'Ibrahim Delibalta'),(243,'Suleyman Serdar Kozat'),(244,'Vladimir Hahanov'),(245,'Wajeb Gharibi'),(246,'Eugenia Litvinova'),(247,'Svetlana Chumachenko'),(248,'Christian Schaefer'),(249,'P. M. Manoj'),(250,'Unekwu Idachaba'),(251,'Frank Wang'),(252,'Andrea Acquaviva'),(253,'Daniele Apiletti'),(254,'Antonio Attanasio'),(255,'Lorenzo Bottaccioli'),(256,'Federico Boni Castagnetti'),(257,'Tania Cerquitelli'),(258,'Silvia Chiusano'),(259,'Enrico Macii'),(260,'Dario Martellacci'),(261,'Edoardo Patti'),(262,'T. Roopa'),(263,'Anantharaman P. Narayana Iyer'),(264,'Shanta Rangaswamy'),(265,'Ariyam Das'),(266,'Harish Siddapura Ranganath'),(267,'MingXue Wang'),(268,'Robin Grindrod'),(269,'Jimmy O\'Meara'),(270,'Mikel Zuzuarregui'),(271,'Eloy Martinez'),(272,'Enda Fallon'),(273,'Sungyong Ahn'),(274,'Sangkyu Park'),(275,'Jae-Ki Hong'),(276,'Wooseok Chang'),(277,'Ranga Raju Vatsavai'),(278,'Junzhou Luo'),(279,'Fang Dong'),(280,'Mojgan Ghanavati'),(281,'Fang Chen'),(282,'Yang Wang 0002'),(283,'Chang-Shing Perng'),(284,'Harsh Kupwade Patil'),(285,'Ravi Seshadri'),(286,'Eser Kandogan'),(287,'Mary Roth'),(288,'Cheryl A. Kieliszewski'),(289,'Fatma '),(290,'Özcan'),(291,'Bob Schloss'),(292,'Marc-Thomas Schmidt'),(293,'Shun-Pun Li'),(294,'Man Hon Wong'),(295,'Rong Zhang'),(296,'Yuanchao Shu'),(297,'Zequ Yang'),(298,'Peng Cheng'),(299,'Jiming Chen'),(300,'Huiqi Hu'),(301,'Guoliang Li'),(302,'Jianhua Feng'),(303,'Rafat Hammad'),(304,'Ching-Seh Wu'),(305,'Phani Rohit Mullangi'),(306,'Gowtham Penematsa'),(307,'Bo Liu'),(308,'Liang Wu'),(309,'Qiuxiang Dong'),(310,'Yuanchun Zhou'),(311,'Hussein Mohsen'),(312,'Hasan Kurban'),(313,'Kurt Zimmer'),(314,'Mark Jenne'),(315,'Mehmet M. Dalkili'),(316,'Liu Liu'),(317,'Paul B. S. Lai'),(318,'Haitian Wang'),(319,'Ka Chun Chong'),(320,'Diogo Anjos'),(321,'Paulo Carreira'),(322,'Alexandre P. Francisco'),(323,'Richard K. Lomotey'),(324,'Ralph Deters'),(325,'Soo-Hyong Kim'),(326,'Yoon-Joon Lee'),(327,'Jaehwan John Lee'),(328,'Chongke Bi'),(329,'Kenji Ono'),(330,'Lu Yang'),(331,'Kun Yue'),(332,'Jixian Zhang'),(333,'Ping Zhang'),(334,'Qiyu Fang'),(335,'Weiyi Liu'),(336,'Muhammad Kamran Lodhi'),(337,'Rashid Ansari'),(338,'Yingwei Yao'),(339,'Gail M. Keenan'),(340,'Diana J. Wilkie'),(341,'Ashfaq A. Khokhar'),(342,'Xingcan Cui'),(343,'Zhen Dong'),(344,'Liwei Lin'),(345,'Renyong Song'),(346,'Xiaohui Yu'),(347,'Xue Bai'),(348,'Fu Chen'),(349,'Shaobin Zhan'),(350,'Meiko Jensen'),(351,'Ranjan Sen'),(352,'Andrew Farris'),(353,'Peter Guerra'),(354,'Chien-An Lai'),(355,'Jim Donahue'),(356,'Aibek Musaev'),(357,'Abdul Wasay'),(358,'Manos Athanassoulis'),(359,'Stratos Idreos'),(360,'Yehia Elshater'),(361,'Patrick Martin'),(362,'Dan Rope'),(363,'Mike McRoberts'),(364,'Craig Statchuk'),(365,'Melyssa Barata'),(366,'Jorge Bernardino'),(367,'Zibin Zheng'),(368,'Jieming Zhu'),(369,'Michael R. Lyu'),(370,'Alan Yu Shyang Tan'),(371,'Ryan Kok Leong Ko'),(372,'Grace P. Y. Ng'),(373,'Arko Provo Mukherjee'),(374,'Srikanta Tirthapura'),(375,'Yong-Hong Kuo'),(376,'Janny M. Y. Leung'),(377,'Helen M. Meng'),(378,'Colin A. Graham'),(379,'Yifan Chen'),(380,'Xiang Zhao'),(381,'Bin Ge'),(382,'Chuan Xiao'),(383,'Ardi Imawan'),(384,'Titus Irma Damaiyanti'),(385,'Joonho Kwon'),(386,'Chun-Chieh Chen'),(387,'Chi-Yao Tseng'),(388,'Ming-Syan Chen'),(389,'Hao Lin'),(390,'Shuo Yang'),(391,'Samuel P. Midkiff'),(392,'Samuel Marchal'),(393,'Xiuyan Jiang'),(394,'Radu State'),(395,'Thomas Engel'),(396,'Xiangdong Huang'),(397,'Jianmin Wang 0001'),(398,'Jian Bai'),(399,'Guiguang Ding'),(400,'Mingsheng Long'),(401,'Shibin George'),(402,'V. Sairam Praneeth'),(403,'Ranjeet Deo'),(404,'Priyanka Jain'),(405,'Long Qian'),(406,'Bin Wu'),(407,'Renbo Zhang'),(408,'Weiyu Zhang'),(409,'Min Luo'),(410,'Cuiwen Xiong'),(411,'Peng Zhang'),(412,'Yan Li'),(413,'Shipeng Zhang'),(414,'Qingyun Liu'),(415,'Jianlong Tan'),(416,'Liping Zhang'),(417,'Qi Chen'),(418,'Kai Miao'),(419,'Hsiao-Fei Liu'),(420,'Chung-Tsai Su'),(421,'An-Chiang Chu'),(422,'Pedro Daniel Coimbra de Almeida'),(423,'Longzhuang Li'),(424,'Douglas Boulware'),(425,'Srividya K. Bansal'),(426,'Dingsheng Wan'),(427,'Yan Xiao'),(428,'Pengcheng Zhang'),(429,'Jun Feng'),(430,'Yuelong Zhu'),(431,'Qian Liu'),(432,'Hyejung Moon'),(433,'Hyun Suk Cho'),(434,'Seo Hwa Jeong'),(435,'Jangho Park'),(436,'Chun-Yu Wang'),(437,'Tzu-Li Tai'),(438,'Jui-Shing Shu'),(439,'Jyh-Biau Chang'),(440,'Ce-Kuen Shieh'),(441,'Mois'),(442,'és Quezada Naquid'),(443,'Ricardo Marcel'),(444,'ín-Jim'),(445,'énez'),(446,'é Luis Gonz'),(447,'ález Compe'),(448,'án'),(449,'Liqin Yang'),(450,'Weigang Cai'),(451,'Qiang Zhou'),(452,'Rami Sellami'),(453,'Sami Bhiri'),(454,'Bruno Defude'),(455,'Ashraf Abusharekh'),(456,'Samuel Alan Stewart'),(457,'Nima Hashemian'),(458,'Syed Sibte Raza Abidi'),(459,'Apostolos Papageorgiou'),(460,'Mischa Schmidt'),(461,'Jaeseung Song'),(462,'Nobuharu Kami'),(463,'Sridhar Vemula'),(464,'Christopher Crick'),(465,'Mark Thomas'),(466,'Leigh Metcalf'),(467,'Jonathan M. Spring'),(468,'Paul Krystosek'),(469,'Katherine Prevost'),(470,'Takatoshi Kitano'),(471,'Leiming Su'),(472,'Marcello Leida'),(473,'Andrej Chu'),(474,'Dawn N. Jutla'),(475,'Peter Bodorik'),(476,'Sohail Ali'),(477,'Zhu Wang'),(478,'Tiejian Luo'),(479,'Guandong Xu'),(480,'Xiang Wang'),(481,'Chi-Ou Chen'),(482,'Ye-Qi Zhuo'),(483,'Chao-Chun Yeh'),(484,'Che-Min Lin'),(485,'Shih-Wei Liao'),(486,'Fung Hong'),(487,'Ek Yeoh'),(488,'Eliza Wong'),(489,'Carrie Yam'),(490,'Patsy Chau'),(491,'Mansurul Bhuiyan'),(492,'Mohammad Al Hasan'),(493,'Hong Liu'),(494,'Ashwin Kumar T. K'),(495,'Johnson P. Thomas'),(496,'Huseyin Ozkan'),(497,'Yanyan Xu'),(498,'James Cheng'),(499,'Ada Wai-Chee Fu'),(500,'Yingyi Bu'),(501,'Asaf Shabtai'),(502,'Idan Morad'),(503,'Eyal Kolman'),(504,'Ereli Eran'),(505,'Alex Vaystikh'),(506,'Eyal Gruss'),(507,'Lior Rokach'),(508,'Yuval Elovici'),(509,'Desheng Zhang'),(510,'Tian He'),(511,'Shan Lin'),(512,'Sirajum Munir'),(513,'John A. Stankovic'),(514,'Chuen-Min Huang'),(515,'Cheng-Yi Wu'),(516,'Marwan Sabbouh'),(517,'Kenneth McCracken'),(518,'Geoff Cooney'),(519,'Shantenu Jha'),(520,'Judy Qiu'),(521,'Andr'),(522,'é Luckow'),(523,'Pradeep Kumar Mantha'),(524,'Geoffrey Fox'),(525,'Eirini C. Micheli'),(526,'Giorgos Margaritis'),(527,'Stergios V. Anastasiadis'),(528,'LinLin Ding'),(529,'Guoren Wang'),(530,'Junchang Xin'),(531,'Ye Yuan'),(532,'Joaquim Assun'),(533,'ão'),(534,'Paulo Fernandes'),(535,'Lucelene Lopes'),(536,'Silvio Normey'),(537,'é R. Ortiz-Ubarri'),(538,'Humberto Ortiz-Zuazaga'),(539,'Albert Maldonado'),(540,'Eric Santos'),(541,'Jhensen Grullon'),(542,'Brian Xu'),(543,'Sathish Alampalayam Kumar'),(544,'Oscar D. Lara Yejas'),(545,'Weiqiang Zhuang'),(546,'Adarsh Pannu'),(547,'Incheon Paik'),(548,'Takazumi Tanaka'),(549,'Hiroki Ohashi'),(550,'Wuhui Chen'),(551,'Stanislav Sobolevsky'),(552,'Izabela Sitko'),(553,'Remi Tachet des Combes'),(554,'Bartosz Hawelka'),(555,'Juan Murillo Arias'),(556,'Carlo Ratti'),(557,'Roberto Saia'),(558,'Ludovico Boratto'),(559,'Salvatore Carta'),(560,'Mohammed Nazim Feroz'),(561,'Susan Mengel'),(562,'Alan L. Porter'),(563,'Ying Huang'),(564,'Jannik Schuehle'),(565,'Jan L. Youtie'),(566,'Ángel Fernando Kuri Morales'),(567,'Hongbing Wang'),(568,'Xiaojun Wang'),(569,'Qi Yu'),(570,'Duy-Hung Phan'),(571,'Quang-Nhat Hoang-Xuan'),(572,'Matteo Dell\'Amico'),(573,'Pietro Michiardi'),(574,'Alp Oral'),(575,'Bedir Tekinerdogan'),(576,'Shin\'ichi Takeuchi'),(577,'Yuhei Akahoshi'),(578,'Bun Theang Ong'),(579,'Komei Sugiura'),(580,'Chong Yang'),(581,'Yang Liu 0008'),(582,'Jianting Zhang'),(583,'Simin You'),(584,'Le Gruenwald'),(585,'Sung-Kyung Kim'),(586,'Sangwhan Cha'),(587,'Monica Wachowicz'),(588,'Arpit Baheti'),(589,'Durga Toshniwal'),(590,'Aris-Kyriakos Koliopoulos'),(591,'Paraskevas Yiapanis'),(592,'Firat Tekiner'),(593,'Goran Nenadic'),(594,'John A. Keane'),(595,'Fangzhou Yao'),(596,'Roy H. Campbell'),(597,'Erdi Olmezogullari'),(598,'Ismail Ari'),(599,'Makoto Yui'),(600,'Isao Kojima'),(601,'Yaya Sylla'),(602,'Pierre Morizet-Mahoudeaux'),(603,'Stephen Brobst'),(604,'Dymitr Ruta'),(605,'Harris T. Lin'),(606,'Vasant Honavar'),(607,'Eleanna Kafeza'),(608,'Andreas Kanavos'),(609,'Christos Makris'),(610,'Pantelis Vikatos'),(611,'Yu Lei'),(612,'Zhili Wang'),(613,'Mingfang Shao'),(614,'Zishuo Wang'),(615,'Luoming Meng'),(616,'Xuesong Qiu'),(617,'Jingwei Huang'),(618,'Zbigniew T. Kalbarczyk'),(619,'David M. Nicol'),(620,'Andreiwid Sheffer Corr'),(621,'êa'),(622,'Pedro Luiz Pizzigatti Corr'),(623,'Daniel Lins da Silva'),(624,'Fl'),(625,'ávio Soares Corr'),(626,'êa da Silva'),(627,'Guangjun Shi'),(628,'Yang Guo'),(629,'Xuequn Shang'),(630,'Jing Li'),(631,'Zhanhuai Li'),(632,'Vinod Hegde'),(633,'Milovan Krnjajic'),(634,'Alexei Pozdnoukhov'),(635,'Namgyu Kim'),(636,'William Wong Xiu Shun'),(637,'Jieun Kim'),(638,'Kee-Young Kwahk'),(639,'Seung Ryul Jeong'),(640,'Hyunchul Ahn'),(641,'Philippe Lalanda'),(642,'Catherine Hamon'),(643,'Stefano Faralli'),(644,'Giovanni Stilo'),(645,'Paola Velardi'),(646,'Huaming Chen'),(647,'Hong Zhao'),(648,'Rui Zhou 0005'),(649,'Qingguo Zhou'),(650,'Silvio Luiz Stanzani'),(651,'Paulo Andre Filipak'),(652,'Shanqing Li'),(653,'Lirong Song'),(654,'Hui Zhao'),(655,'John Klein'),(656,'Ian Gorton'),(657,'Neil A. Ernst'),(658,'Patrick Donohoe'),(659,'Kim Pham'),(660,'Chrisjan Matser'),(661,'Mohamed Nassar'),(662,'Bechara al Bouna'),(663,'Qutaibah M. Malluhi'),(664,'Yifei Zhang'),(665,'Nianlong Weng'),(666,'Ming-Chien Shan'),(667,'Maxim Filatov'),(668,'Victor Lawson'),(669,'Jongbok Byun'),(670,'Diane Pennington'),(671,'Jorge Cardenas'),(672,'Srabasti Dutta'),(673,'Jeral Kirwan'),(674,'Iva Bojic'),(675,'Alexander Belyi'),(676,'Bhavani M. Thuraisingham'),(677,'Daniel Joseph'),(678,'Nikolay Mehandjiev'),(679,'Babis Theodoulidis'),(680,'John Davies'),(681,'Ian Thurlow'),(682,'Ikbal Taleb'),(683,'Rachida Dssouli'),(684,'Mohamed Adel Serhani'),(685,'Yun Tian'),(686,'Bojian Xu'),(687,'Yanqing Ji'),(688,'Jesse Scholer'),(689,'Chung-Chih Cheng'),(690,'Fan-Chieh Cheng'),(691,'Po-Hsiung Lin'),(692,'Shih-Chia Huang'),(693,'Ching-Han Chen'),(694,'Ching-Yi Chen'),(695,'Chih-Hsien Hsia'),(696,'Guan-Xin Wu'),(697,'Paolo Suppa'),(698,'Eugenio Zimeo'),(699,'Rafik Bruce Wallace'),(700,'Rafik A. Goubran'),(701,'Frank Knoefel'),(702,'Shawn Marshall'),(703,'Michelle Porter'),(704,'Madelaine Harlow'),(705,'Akshay Puli'),(706,'Anil Kumar'),(707,'Vikas Kapur'),(708,'Apangshu Saha'),(709,'Rajeev Kumar Gupta'),(710,'Arun Singh'),(711,'Santanu Chaudhury'),(712,'Sumeet Agarwal'),(713,'Ahsanul Haque'),(714,'Brandon Parker'),(715,'Latifur Khan'),(716,'Lina Li'),(717,'Cuiping Li'),(718,'Hong Chen'),(719,'Bo Mi Lim'),(720,'Jongwoo Kim'),(721,'Sung-Shick Kim'),(722,'Jun-Geol Baek'),(723,'Xite Wang'),(724,'Derong Shen'),(725,'Ge Yu'),(726,'Tiezheng Nie'),(727,'Yue Kou'),(728,'Sanghack Lee'),(729,'Ngot Bui'),(730,'Hareton Leung'),(731,'Hai Nguyen'),(732,'Matthew S. Weber'),(733,'Ana Cristina Oliveira'),(734,'Christof Fetzer'),(735,'é Martin'),(736,'Marco Spohn'),(737,'Dennis Wei'),(738,'Kush R. Varshney'),(739,'Marcy Wagman'),(740,'Lena Mashayekhy'),(741,'Mahyar Movahed Nejad'),(742,'Daniel Grosu'),(743,'Dajun Lu'),(744,'Weisong Shi'),(745,'Antonia Azzini'),(746,'Paolo Ceravolo'),(747,'Farhana H. Zulkernine'),(748,'Ying Zou'),(749,'Michael Bauer'),(750,'Femida Gwadry-Sridhar'),(751,'Ashraf Aboulnaga'),(752,'Muaz Mian'),(753,'Ankur Teredesai'),(754,'David Hazel'),(755,'Sreenivasulu Pokuri'),(756,'Krishna Uppala'),(757,'Yang Zhou'),(758,'Sangeetha Seshadri'),(759,'Lawrence Chiu'),(760,'Ling Liu'),(761,'Yunkai Liu'),(762,'Theresa M. Vitolo'),(763,'Ahmed Abdeen Hamed'),(764,'Xindong Wu'),(765,'Manuel Zahn'),(766,'Wei-Ho Tsai'),(767,'Cin-Hao Ma'),(768,'Kadjo Kouame'),(769,'Naser Ezzati Jivan'),(770,'Michel R. Dagenais'),(771,'Zhiyun Zheng'),(772,'Zhimeng Du'),(773,'Lun Li'),(774,'Yike Guo'),(775,'Puneet Agarwal'),(776,'Gautam Shroff'),(777,'Pankaj Malhotra'),(778,'Dongfeng Cai'),(779,'Yu Bai'),(780,'Guiping Zhang'),(781,'Fang Cai'),(782,'Jing Zhou'),(783,'Ziqiang Yu'),(784,'Weijia Xu'),(785,'Wei Luo'),(786,'Nicholas Woodward'),(787,'Yan Zhang'),(788,'Benjamin Yip'),(789,'Hoyee W. Hirai'),(790,'Samuel Wong'),(791,'Wei-Chih Huang'),(792,'Chuan-Ming Liu'),(793,'Chuan-Chi Lai'),(794,'Jo'),(795,'ão Ricardo Louren'),(796,'ço'),(797,'Veronika Abramova'),(798,'Bruno Cabral'),(799,'Paulo Carreiro'),(800,'Marco Vieira'),(801,'Haisu Zhang'),(802,'Sheng Zhang'),(803,'Zhaolin Wu'),(804,'Liwei Huang'),(805,'Yutao Ma'),(806,'Alexander Ditter'),(807,'Dietmar Fey'),(808,'Tobias Schon'),(809,'Steven Oeckl'),(810,'Marianela Garcia Lozano'),(811,'Ulrik Franke'),(812,'Magnus Rosell'),(813,'Vladimir Vlassov'),(814,'Julian Krumeich'),(815,'Sven Jacobi'),(816,'Dirk Werth'),(817,'Peter Loos'),(818,'Armel Jacques Nzekon Nzeko\'o'),(819,'Matthieu Latapy'),(820,'Maurice Tchuente'),(821,'Elif Dede'),(822,'Bedri Sendir'),(823,'Pinar Kuzlu'),(824,'J. Weachock'),(825,'Zhigang Wang'),(826,'Yubin Bao'),(827,'Yu Gu 0002'),(828,'Fangling Leng'),(829,'Chao Deng'),(830,'Leitao Guo'),(831,'Chieh-Hsin Liao'),(832,'Yu-Heng Lei'),(833,'Kai-Yu Liou'),(834,'Jian-Shing Lin'),(835,'Hsiao-Feng Yeh'),(836,'Zhen Zhao'),(837,'Yan Tang'),(838,'Yu Wang'),(839,'Kendra M. L. Cooper'),(840,'Ling Li'),(841,'Jorge Alencar'),(842,'Tib'),(843,'érius O. Bonates'),(844,'Carlile Lavor'),(845,'B. S. Vidyalakshmi'),(846,'Yifeng Geng'),(847,'Xiaomeng Huang'),(848,'Guangwen Yang'),(849,'Rohit Parimi'),(850,'Toma Trepka'),(851,'Doina Caragea'),(852,'Cody Bennett'),(853,'Lidice Garcia Rios'),(854,'Jos\'e Alberto Incera Diguez'),(855,'Charles Chin-Ho Lin'),(856,'Liang-Cheng Huang'),(857,'Seng-cho Timothy Chou'),(858,'Chih-Ho Liu'),(859,'Han-Fang Cheng'),(860,'I.-Jen Chiang'),(861,'Martin Beck'),(862,'Florian Kerschbaum'),(863,'Carson Kai-Sang Leung'),(864,'Richard Kyle MacKinnon'),(865,'Fan Jiang'),(866,'Shuang Chen'),(867,'Mahboobeh Ghorbani'),(868,'Yanzhi Wang'),(869,'Paul Bogdan'),(870,'Massoud Pedram'),(871,'Jin Soung Yoo'),(872,'David Kimmey'),(873,'Xu Tan'),(874,'Xie Lu'),(875,'Siva Venkat Gogineni'),(876,'Yi Shan'),(877,'Yi Chen'),(878,'Frank Zhigang Wang'),(879,'Theo Dimitrakos'),(880,'Na Helian'),(881,'Sining Wu'),(882,'Rodric Yates'),(883,'Jun Fan'),(884,'Xinhui Li'),(885,'Chi Harold Liu'),(886,'Jeffrey Buell'),(887,'Gavin Lu'),(888,'Luke Lu'),(889,'Yang Song'),(890,'Gabriel Alatorre'),(891,'NagaPramod Mandagere'),(892,'Aameek Singh'),(893,'Mulugeta Mammo'),(894,'Parijat Shukla'),(895,'Arun K. Somani'),(896,''),(897,'Daniel Presser'),(898,'Lau Cheuk Lung'),(899,'Miguel Correia'),(900,'Hidayet Aksu'),(901,'Mustafa Canim'),(902,'Yuan-Chi Chang'),(903,'Ibrahim Korpeoglu'),(904,'Özg'),(905,'ür Ulusoy'),(906,'Rebecca Copeland'),(907,'No'),(908,'ël Crespi'),(909,'T. H. A. S. Siriweera'),(910,'Banage T. G. S. Kumara'),(911,'K. R. C. Koswatta'),(912,'Bilal Abu-Salih'),(913,'Pornpit Wongthongtham'),(914,'Seyed-Mehdi-Reza Beheshti'),(915,'Dengya Zhu'),(916,'Johannes Schildgen'),(917,'Thomas J'),(918,'örg'),(919,'Manuel Hoffmann'),(920,'Stefan Dessloch'),(921,'Bo Hu'),(922,'Liang-Jie Zhang'),(923,'Jiake Shi'),(924,'Jiayan Zhong'),(925,'Junming Zhang'),(926,'Shangguang Wang'),(927,'Quan Yuan'),(928,'Chao Ma'),(929,'Yinda Wang'),(930,'Haowen Liu'),(931,'Hao Gui'),(932,'Weiping Zhu'),(933,'Xiaochuan Shi'),(934,'Xuhui Li'),(935,'Mohammed Aledhari'),(936,'Fahad Saeed'),(937,'Tonglin Li'),(938,'Ioan Raicu'),(939,'Kin Fai Ho'),(940,'Chaochao Zhou'),(941,'Saurabh Kumar Garg'),(942,'Leila Ismail'),(943,'Mohammad M. Masud'),(944,'Bo Yan'),(945,'Yitian Ren'),(946,'Zijiang Yang'),(947,'Avrilia Floratou'),(948,'Jignesh M. Patel'),(949,'Yang Hang'),(950,'Simon Fong'),(951,'Toshihiro Nemoto'),(952,'Masaru Kitsuregawa'),(953,'Philip S. Yu'),(954,'Jiawei Zhang'),(955,'Hong Zhu'),(956,'Ian Bayley'),(957,'Muhammad Younas'),(958,'David E. Lightfoot'),(959,'Basel Yousef'),(960,'Dongmei Liu'),(961,'Kerrie Holley'),(962,'Gandhi Sivakumar'),(963,'Kalapriya Kannan'),(964,'Carlos R. Rivero'),(965,'Hasan M. Jamil'),(966,'Matt Macduff'),(967,'Benno Lee'),(968,'Sherman Beus'),(969,'Aniruddha Desai'),(970,'Gregory Benner'),(971,'Miyuru Dayarathna'),(972,'Toyotaro Suzumura'),(973,'Hoi Ting Poon'),(974,'Hongyan Cui'),(975,'Yuchen Zhang'),(976,'Chenhang Ma'),(977,'Wei Lai'),(978,'Norman C. Beaulieu'),(979,'Yunjie Liu'),(980,'Xiaoqing Yu'),(981,'Huanhuan Liu'),(982,'Jianhua Shi'),(983,'Jenq-Neng Hwang'),(984,'Wanggen Wan'),(985,'Jing Lu'),(986,'Mariusz Kamola'),(987,'Jarek Nabrzyski'),(988,'Cheng Liu'),(989,'Charles Vardeman'),(990,'Sandra Gesing'),(991,'Milan Budhatoki'),(992,'Purva Pruthi'),(993,'Anu Yadav'),(994,'Farheen Abbasi'),(995,'Aviv Segev'),(996,'Chihoon Jung'),(997,'Sukhwan Jung'),(998,'Pinar Alper'),(999,'Khalid Belhajjame'),(1000,'Carole A. Goble'),(1001,'Pinar Karagoz'),(1002,'Seung Hwan Park'),(1003,'Cheong-Sool Park'),(1004,'Jun-Seok Kim'),(1005,'Daewoong An'),(1006,'Muhammad Raza Khan'),(1007,'Joshua Manoj'),(1008,'Anikate Singh'),(1009,'Joshua Blumenstock'),(1010,'Jia Wang'),(1011,'Abdulkareem Alsudais'),(1012,'Gondy Leroy'),(1013,'Anthony Corso'),(1014,'Heather Champion'),(1015,'Nick J. Pizzi'),(1016,'Raja Krishnamoorthy'),(1017,'Johann A. Bengua'),(1018,'Ho N. Phien'),(1019,'Hoang D. Tuan');
/*!40000 ALTER TABLE `author` ENABLE KEYS */;
UNLOCK TABLES;

--
-- Table structure for table `author_publication`
--

DROP TABLE IF EXISTS `author_publication`;
/*!40101 SET @saved_cs_client     = @@character_set_client */;
/*!40101 SET character_set_client = utf8 */;
CREATE TABLE `author_publication` (
  `author_id` bigint(20) NOT NULL,
  `publication_id` bigint(20) NOT NULL,
  PRIMARY KEY (`author_id`,`publication_id`),
  KEY `ix_author_publication_author` (`author_id`),
  KEY `ix_author_publication_publication` (`publication_id`),
  CONSTRAINT `fk_author_publication_author` FOREIGN KEY (`author_id`) REFERENCES `author` (`id`),
  CONSTRAINT `fk_author_publication_publication` FOREIGN KEY (`publication_id`) REFERENCES `publication` (`id`)
) ENGINE=InnoDB DEFAULT CHARSET=utf8;
/*!40101 SET character_set_client = @saved_cs_client */;

--
-- Dumping data for table `author_publication`
--

LOCK TABLES `author_publication` WRITE;
/*!40000 ALTER TABLE `author_publication` DISABLE KEYS */;
INSERT INTO `author_publication` VALUES (1,1),(2,2),(3,2),(4,3),(5,3),(5,91),(5,197),(6,3),(7,3),(8,4),(9,4),(10,4),(10,100),(11,5),(12,5),(13,5),(14,5),(14,54),(14,60),(15,5),(15,25),(15,54),(15,60),(16,5),(16,54),(16,83),(16,200),(16,261),(16,267),(17,6),(18,6),(19,6),(20,6),(21,7),(22,7),(23,7),(23,244),(24,7),(25,8),(25,161),(25,173),(26,8),(26,161),(26,173),(27,8),(27,161),(27,173),(28,8),(28,18),(28,43),(28,85),(28,125),(28,149),(28,173),(29,8),(29,18),(29,43),(29,125),(29,173),(30,8),(30,18),(30,43),(30,125),(30,173),(31,9),(32,9),(33,9),(34,10),(35,10),(36,10),(37,10),(37,213),(38,11),(39,11),(40,11),(41,11),(42,11),(43,11),(44,11),(45,12),(46,12),(47,12),(48,12),(49,12),(50,13),(51,13),(52,13),(53,13),(54,14),(55,14),(56,14),(57,14),(57,126),(58,14),(59,14),(60,15),(60,157),(61,15),(61,157),(62,15),(62,157),(63,16),(64,16),(64,39),(65,16),(66,17),(67,17),(68,17),(69,17),(69,244),(69,281),(70,18),(71,18),(72,18),(73,19),(74,19),(75,20),(76,20),(77,20),(78,20),(79,20),(80,20),(80,97),(81,21),(82,21),(82,278),(83,21),(83,278),(84,21),(84,278),(85,22),(86,22),(87,22),(88,22),(89,22),(90,22),(91,22),(92,23),(93,23),(93,165),(94,24),(94,198),(95,24),(96,24),(97,24),(98,24),(98,198),(98,228),(99,24),(99,198),(99,228),(100,25),(101,25),(102,26),(103,26),(103,302),(104,26),(105,27),(105,69),(106,27),(107,27),(108,27),(109,28),(109,35),(110,28),(111,28),(111,35),(112,28),(113,29),(113,111),(114,29),(115,29),(116,29),(117,29),(118,30),(119,30),(120,30),(121,31),(122,32),(122,124),(122,150),(123,32),(124,32),(125,32),(126,32),(127,33),(128,33),(129,33),(130,33),(131,34),(132,34),(133,34),(134,34),(134,197),(135,35),(136,36),(137,36),(138,36),(139,36),(140,36),(141,36),(142,37),(143,37),(144,37),(145,37),(146,37),(146,46),(146,49),(146,76),(146,114),(146,250),(147,37),(148,38),(148,75),(149,38),(149,75),(149,190),(150,39),(151,40),(152,40),(153,40),(154,41),(155,41),(156,42),(157,42),(158,42),(159,43),(159,125),(160,44),(161,44),(162,44),(163,44),(164,44),(165,45),(166,45),(167,45),(168,46),(169,46),(169,105),(169,114),(169,250),(170,46),(171,46),(172,47),(173,47),(174,47),(175,47),(176,48),(177,48),(178,48),(179,48),(180,48),(181,49),(182,49),(182,114),(183,50),(184,50),(185,50),(186,50),(187,50),(188,51),(188,137),(189,51),(189,86),(189,104),(189,120),(189,137),(189,236),(189,266),(189,282),(190,51),(190,86),(190,137),(191,51),(191,137),(192,51),(192,86),(192,137),(193,51),(194,51),(195,51),(196,52),(197,52),(198,52),(199,52),(200,52),(201,52),(202,53),(203,53),(204,53),(205,53),(206,54),(207,55),(208,55),(209,55),(210,55),(211,56),(212,56),(213,56),(214,56),(215,56),(216,56),(217,57),(218,57),(219,57),(220,58),(220,259),(221,58),(221,259),(222,58),(222,259),(223,58),(223,259),(224,58),(224,259),(225,58),(225,259),(226,58),(226,259),(227,58),(227,259),(228,58),(228,259),(229,58),(229,259),(230,59),(231,59),(232,60),(233,61),(234,61),(235,61),(236,62),(237,63),(237,195),(237,199),(238,64),(239,64),(240,65),(240,140),(240,311),(241,65),(241,311),(242,65),(242,140),(242,311),(243,65),(243,140),(243,311),(244,66),(245,66),(246,66),(247,66),(248,67),(249,67),(250,68),(251,68),(252,69),(253,69),(254,69),(255,69),(256,69),(257,69),(258,69),(259,69),(260,69),(261,69),(262,70),(263,70),(264,70),(265,71),(266,71),(267,72),(268,72),(269,72),(270,72),(271,72),(272,72),(273,73),(274,73),(275,73),(276,73),(277,74),(278,75),(279,75),(280,76),(281,76),(281,114),(282,76),(283,76),(284,77),(285,77),(286,78),(287,78),(288,78),(289,78),(290,78),(291,78),(292,78),(293,79),(294,79),(295,80),(296,80),(296,260),(297,80),(298,80),(298,260),(299,80),(299,260),(300,81),(301,81),(302,81),(303,82),(304,82),(305,83),(305,267),(306,83),(307,84),(308,84),(309,84),(310,84),(311,85),(312,85),(313,85),(314,85),(315,85),(316,86),(317,86),(318,86),(319,86),(320,87),(321,87),(322,87),(323,88),(323,162),(324,88),(324,162),(325,89),(326,89),(327,89),(328,90),(329,90),(330,90),(331,91),(332,91),(333,91),(334,91),(335,91),(336,92),(337,92),(338,92),(339,92),(340,92),(341,92),(342,93),(343,93),(344,93),(345,93),(346,93),(346,166),(346,234),(347,94),(348,94),(348,183),(349,94),(349,183),(350,95),(351,96),(352,96),(353,96),(354,97),(355,97),(356,97),(357,98),(358,98),(359,98),(360,99),(361,99),(361,223),(362,99),(363,99),(364,99),(365,100),(366,100),(366,117),(366,238),(367,101),(368,101),(369,101),(370,102),(371,102),(372,102),(373,103),(374,103),(375,104),(375,120),(375,236),(375,266),(375,282),(376,104),(376,120),(377,104),(377,120),(377,236),(377,266),(377,282),(378,104),(378,137),(379,105),(380,105),(381,105),(382,105),(383,106),(384,106),(385,106),(386,107),(387,107),(388,107),(389,108),(389,291),(390,108),(390,291),(391,108),(391,291),(392,109),(393,109),(394,109),(395,109),(396,110),(397,110),(398,110),(399,110),(400,110),(401,111),(402,111),(403,111),(404,111),(405,112),(406,112),(407,112),(408,112),(409,112),(410,113),(411,113),(412,113),(413,113),(414,113),(415,113),(416,115),(417,115),(418,115),(419,116),(420,116),(421,116),(422,117),(423,118),(424,118),(424,258),(425,119),(425,268),(426,121),(426,217),(427,121),(427,217),(428,121),(428,217),(429,121),(430,121),(431,121),(432,122),(432,168),(433,122),(434,122),(435,122),(435,168),(436,123),(437,123),(438,123),(439,123),(440,123),(441,124),(442,124),(443,124),(444,124),(445,124),(446,124),(447,124),(448,124),(449,126),(450,126),(451,126),(452,127),(453,127),(454,127),(455,128),(456,128),(457,128),(458,128),(459,129),(459,198),(459,228),(460,129),(461,129),(462,129),(463,130),(464,130),(465,131),(466,131),(467,131),(468,131),(469,131),(470,132),(471,132),(472,133),(473,133),(474,134),(475,134),(476,134),(477,135),(478,135),(479,135),(480,135),(481,136),(482,136),(483,136),(484,136),(485,136),(486,137),(487,137),(488,137),(489,137),(490,137),(491,138),(492,138),(493,139),(494,139),(495,139),(496,140),(497,141),(498,141),(498,313),(499,141),(499,313),(500,141),(501,142),(502,142),(503,142),(504,142),(505,142),(506,142),(507,142),(508,142),(509,143),(510,143),(511,143),(512,143),(513,143),(514,144),(515,144),(516,145),(517,145),(518,145),(519,146),(520,146),(521,146),(521,219),(522,146),(523,146),(524,146),(525,147),(526,147),(527,147),(528,148),(529,148),(529,196),(530,148),(531,148),(532,149),(533,149),(534,149),(535,149),(536,149),(537,150),(538,150),(539,150),(540,150),(541,150),(542,151),(543,151),(544,152),(545,152),(546,152),(547,153),(547,274),(548,153),(549,153),(550,153),(551,154),(551,202),(551,303),(552,154),(552,202),(553,154),(554,154),(554,202),(555,154),(555,202),(556,154),(556,202),(557,155),(558,155),(559,155),(560,156),(561,156),(562,158),(563,158),(564,158),(565,158),(566,159),(567,160),(568,160),(569,160),(570,163),(571,163),(572,163),(573,163),(574,164),(575,164),(576,165),(577,165),(578,165),(579,165),(580,166),(581,166),(581,234),(582,167),(582,189),(583,167),(583,189),(584,167),(584,189),(585,168),(586,169),(587,169),(588,170),(589,170),(589,307),(590,171),(591,171),(592,171),(593,171),(594,171),(595,172),(596,172),(596,287),(597,174),(598,174),(599,175),(600,175),(601,176),(602,176),(603,176),(604,177),(605,178),(605,216),(606,178),(606,216),(607,179),(607,298),(608,179),(608,298),(609,179),(609,298),(610,179),(611,180),(612,180),(613,180),(614,180),(615,180),(616,180),(617,181),(617,287),(618,181),(619,181),(619,287),(620,182),(620,191),(621,182),(621,191),(622,182),(622,191),(623,182),(623,191),(624,182),(625,182),(626,182),(627,183),(628,184),(629,184),(630,184),(631,184),(632,185),(633,185),(634,185),(635,186),(636,186),(637,186),(638,186),(639,186),(640,186),(641,187),(642,187),(643,188),(644,188),(645,188),(646,190),(647,190),(648,190),(649,190),(650,191),(651,191),(652,192),(653,192),(654,192),(655,193),(656,193),(657,193),(658,193),(659,193),(660,193),(661,194),(662,194),(663,194),(664,196),(665,197),(666,197),(667,199),(668,200),(668,261),(669,201),(670,201),(671,201),(672,201),(673,201),(674,202),(675,202),(676,203),(677,204),(678,204),(679,204),(680,204),(681,204),(682,205),(683,205),(684,205),(685,206),(686,206),(687,206),(688,206),(689,207),(690,207),(691,207),(692,207),(693,208),(694,208),(695,208),(696,208),(697,209),(698,209),(699,210),(700,210),(701,210),(702,210),(703,210),(704,210),(705,210),(706,211),(707,211),(708,211),(709,211),(710,211),(711,211),(712,211),(713,212),(714,212),(715,212),(715,284),(716,213),(717,213),(718,213),(719,214),(720,214),(721,214),(721,310),(722,214),(722,310),(723,215),(724,215),(725,215),(725,245),(726,215),(727,215),(728,216),(729,216),(730,217),(731,218),(732,218),(733,219),(734,219),(735,219),(736,219),(737,220),(738,220),(739,220),(740,221),(741,221),(742,221),(743,221),(744,221),(745,222),(746,222),(747,223),(748,223),(749,223),(750,223),(751,223),(752,224),(752,300),(753,224),(753,300),(754,224),(754,300),(755,224),(756,224),(757,225),(758,225),(759,225),(760,225),(761,226),(762,226),(763,227),(764,227),(765,228),(766,229),(766,295),(767,229),(767,295),(768,230),(769,230),(770,230),(771,231),(772,231),(773,231),(774,231),(775,232),(776,232),(777,232),(778,233),(779,233),(780,233),(781,233),(782,234),(783,234),(784,235),(785,235),(786,235),(787,235),(788,236),(789,236),(789,282),(790,236),(791,237),(792,237),(793,237),(794,238),(795,238),(796,238),(797,238),(798,238),(799,238),(800,238),(801,239),(802,239),(803,239),(804,239),(805,239),(805,277),(806,240),(807,240),(808,240),(809,240),(810,241),(811,241),(812,241),(813,241),(814,242),(815,242),(816,242),(817,242),(818,243),(819,243),(820,243),(821,244),(822,244),(823,244),(824,244),(825,245),(826,245),(827,245),(828,245),(829,245),(830,245),(831,246),(832,246),(833,246),(834,246),(835,246),(836,247),(837,248),(838,248),(839,248),(840,248),(840,263),(841,249),(842,249),(843,249),(844,249),(845,250),(846,251),(847,251),(848,251),(849,252),(850,252),(851,252),(852,252),(853,253),(854,253),(855,254),(856,254),(857,254),(858,254),(859,254),(860,254),(861,255),(862,255),(863,256),(864,256),(865,256),(866,257),(867,257),(868,257),(869,257),(870,257),(871,258),(872,258),(873,260),(874,260),(875,261),(876,262),(877,262),(878,263),(879,263),(880,263),(881,263),(882,263),(883,264),(884,264),(885,264),(886,264),(887,264),(888,264),(889,265),(890,265),(891,265),(892,265),(893,268),(894,269),(895,269),(896,270),(896,289),(896,293),(897,271),(898,271),(899,271),(900,272),(901,272),(902,272),(903,272),(904,272),(905,272),(906,273),(907,273),(908,273),(909,274),(910,274),(911,274),(912,275),(913,275),(914,275),(915,275),(916,276),(917,276),(918,276),(919,276),(920,276),(921,277),(922,277),(923,277),(924,277),(925,278),(926,278),(927,278),(928,279),(929,279),(930,279),(931,279),(932,279),(933,279),(934,279),(935,280),(936,280),(937,281),(938,281),(939,282),(940,283),(941,283),(942,284),(943,284),(944,285),(945,285),(946,285),(947,286),(948,286),(949,288),(950,288),(951,290),(952,290),(953,292),(954,292),(955,294),(956,294),(957,294),(958,294),(959,294),(960,294),(961,296),(962,296),(963,296),(964,297),(965,297),(966,299),(967,299),(968,299),(969,300),(970,300),(971,301),(972,301),(973,302),(974,303),(975,303),(976,303),(977,303),(978,303),(979,303),(980,304),(981,304),(982,304),(983,304),(984,304),(985,304),(986,305),(987,306),(988,306),(989,306),(990,306),(991,306),(992,307),(993,307),(994,307),(995,308),(996,308),(997,308),(998,309),(999,309),(1000,309),(1001,309),(1002,310),(1003,310),(1004,310),(1005,310),(1006,312),(1007,312),(1008,312),(1009,312),(1010,313),(1011,314),(1012,314),(1013,314),(1014,315),(1015,315),(1016,315),(1017,316),(1018,316),(1019,316);
/*!40000 ALTER TABLE `author_publication` ENABLE KEYS */;
UNLOCK TABLES;

--
-- Table structure for table `play_evolutions`
--

DROP TABLE IF EXISTS `play_evolutions`;
/*!40101 SET @saved_cs_client     = @@character_set_client */;
/*!40101 SET character_set_client = utf8 */;
CREATE TABLE `play_evolutions` (
  `id` int(11) NOT NULL,
  `hash` varchar(255) NOT NULL,
  `applied_at` timestamp NOT NULL DEFAULT CURRENT_TIMESTAMP ON UPDATE CURRENT_TIMESTAMP,
  `apply_script` mediumtext,
  `revert_script` mediumtext,
  `state` varchar(255) DEFAULT NULL,
  `last_problem` mediumtext,
  PRIMARY KEY (`id`)
) ENGINE=InnoDB DEFAULT CHARSET=utf8;
/*!40101 SET character_set_client = @saved_cs_client */;

--
-- Dumping data for table `play_evolutions`
--

LOCK TABLES `play_evolutions` WRITE;
/*!40000 ALTER TABLE `play_evolutions` DISABLE KEYS */;
INSERT INTO `play_evolutions` VALUES (1,'d0062b0bb8113ffe9d42aa033dd055a3a893e4aa','2016-04-21 05:25:22','create table author (\nid                            bigint auto_increment not null,\nname                          varchar(255),\nconstraint pk_author primary key (id)\n);\n\ncreate table author_publication (\nauthor_id                     bigint not null,\npublication_id                bigint not null,\nconstraint pk_author_publication primary key (author_id,publication_id)\n);\n\ncreate table publication (\nid                            bigint auto_increment not null,\ntitle                         varchar(255),\npages                         varchar(255),\nyear                          integer,\ndate                          varchar(255),\nurl                           varchar(255),\nconference_name               varchar(255),\nconstraint pk_publication primary key (id)\n);\n\ncreate table user (\nid                            bigint auto_increment not null,\nemail                         varchar(255),\npassword                      varchar(255),\nfirst_name                    varchar(255),\nlast_name                     varchar(255),\nconstraint pk_user primary key (id)\n);\n\nalter table author_publication add constraint fk_author_publication_author foreign key (author_id) references author (id) on delete restrict on update restrict;\ncreate index ix_author_publication_author on author_publication (author_id);\n\nalter table author_publication add constraint fk_author_publication_publication foreign key (publication_id) references publication (id) on delete restrict on update restrict;\ncreate index ix_author_publication_publication on author_publication (publication_id);','alter table author_publication drop foreign key fk_author_publication_author;\ndrop index ix_author_publication_author on author_publication;\n\nalter table author_publication drop foreign key fk_author_publication_publication;\ndrop index ix_author_publication_publication on author_publication;\n\ndrop table if exists author;\n\ndrop table if exists author_publication;\n\ndrop table if exists publication;\n\ndrop table if exists user;','applied','');
/*!40000 ALTER TABLE `play_evolutions` ENABLE KEYS */;
UNLOCK TABLES;

--
-- Table structure for table `publication`
--

DROP TABLE IF EXISTS `publication`;
/*!40101 SET @saved_cs_client     = @@character_set_client */;
/*!40101 SET character_set_client = utf8 */;
CREATE TABLE `publication` (
  `id` bigint(20) NOT NULL AUTO_INCREMENT,
  `title` varchar(255) DEFAULT NULL,
  `pages` varchar(255) DEFAULT NULL,
  `year` int(11) DEFAULT NULL,
  `date` varchar(255) DEFAULT NULL,
  `url` varchar(255) DEFAULT NULL,
  `conference_name` varchar(255) DEFAULT NULL,
  PRIMARY KEY (`id`)
) ENGINE=InnoDB AUTO_INCREMENT=317 DEFAULT CHARSET=utf8;
/*!40101 SET character_set_client = @saved_cs_client */;

--
-- Dumping data for table `publication`
--

LOCK TABLES `publication` WRITE;
/*!40000 ALTER TABLE `publication` DISABLE KEYS */;
INSERT INTO `publication` VALUES (1,'Two Steps Genetic Programming for Big Data - Perspective of Distributed and High-Dimensional Data.','753-756',2015,'2015-08-27',NULL,'BigData Congress'),(2,'Sensitive Disclosures under Differential Privacy Guarantees.','110-117',2015,'2015-08-27',NULL,'BigData Congress'),(3,'Massive Parallel Join in NUMA Architecture.','219-226',2013,'2013-11-14',NULL,'BigData Congress'),(4,'AuDy: Automatic Dynamic Least-Weight Balancing for Stream Workloads Scalability.','176-183',2014,'2014-11-18',NULL,'BigData Congress'),(5,'DualIso: An Algorithm for Subgraph Pattern Matching on Very Large Labeled Graphs.','498-505',2014,'2014-11-18',NULL,'BigData Congress'),(6,'Full Recognition of Massive Products Based on Property Set.','294-301',2013,'2013-11-14',NULL,'BigData Congress'),(7,'Configuring a MapReduce Framework for Performance-Heterogeneous Clusters.','120-127',2014,'2014-11-18',NULL,'BigData Congress'),(8,'Deriving Topics in Twitter by Exploiting Tweet Interactions.','87-94',2015,'2015-08-27',NULL,'BigData Congress'),(9,'A Big Data Modeling Methodology for Apache Cassandra.','238-245',2015,'2015-08-27',NULL,'BigData Congress'),(10,'Efficient SPARQL Query Evaluation in a Database Cluster.','165-172',2013,'2013-11-14',NULL,'BigData Congress'),(11,'Alexandria: Extensible Framework for Rapid Exploration of Social Media.','483-490',2015,'2015-08-27',NULL,'BigData Congress'),(12,'A Rule-Based Temporal Analysis Method for Online Health Analytics and Its Application for Real-Time Detection of Neonatal Spells.','470-477',2014,'2014-11-18',NULL,'BigData Congress'),(13,'An Intelligent System for Forecasting the Trend of Consumed Electricity.','677-682',2014,'2014-11-18',NULL,'BigData Congress'),(14,'Three-Level Views of the Web Service Network: An Empirical Study Based on ProgrammableWeb.','374-381',2014,'2014-11-18',NULL,'BigData Congress'),(15,'Using Inter-file Similarity to Improve Intra-file Compression.','192-199',2014,'2014-11-18',NULL,'BigData Congress'),(16,'CEPSim: A Simulator for Cloud-Based Complex Event Processing.','182-190',2015,'2015-08-27',NULL,'BigData Congress'),(17,'Milieu: Lightweight and Configurable Big Data Provenance for Science.','46-53',2013,'2013-11-14',NULL,'BigData Congress'),(18,'Efficient Algorithms for Social Network Coverage and Reach.','467-474',2015,'2015-08-27',NULL,'BigData Congress'),(19,'Privacy Preserving Data Analysis in Mental Health Research.','95-101',2015,'2015-08-27',NULL,'BigData Congress'),(20,'Performance Overhead among Three Hypervisors: An Experimental Study Using Hadoop Benchmarks.','9-16',2013,'2013-11-14',NULL,'BigData Congress'),(21,'Optimization Approach to Depot Location in Car Sharing Systems with Big Data.','335-342',2015,'2015-08-27',NULL,'BigData Congress'),(22,'XDB - A Novel Database Architecture for Data Analytics as a Service.','96-103',2014,'2014-11-18',NULL,'BigData Congress'),(23,'Discovering Environmental Impacts on Public Health Using Heterogeneous Big Sensory Data.','741-744',2015,'2015-08-27',NULL,'BigData Congress'),(24,'Building a Big Data Platform for Smart Cities: Experience and Lessons from Santander.','592-599',2015,'2015-08-27',NULL,'BigData Congress'),(25,'Using Semantics in Predictive Big Data Analytics.','254-261',2015,'2015-08-27',NULL,'BigData Congress'),(26,'Proof of Storage for Video Deduplication in the Cloud.','499-505',2015,'2015-08-27',NULL,'BigData Congress'),(27,'PaWI: Parallel Weighted Itemset Mining by Means of MapReduce.','25-32',2015,'2015-08-27',NULL,'BigData Congress'),(28,'Detecting Corporate Social Media Crises on Facebook Using Social Set Analysis.','745-748',2015,'2015-08-27',NULL,'BigData Congress'),(29,'Weighted Finite Automata Based Image Compression on Hadoop MapReduce Framework.','653-656',2015,'2015-08-27',NULL,'BigData Congress'),(30,'Write Optimization Using Asynchronous Update on Out-of-Core Column-Store Databases in Map-Reduce.','720-723',2015,'2015-08-27',NULL,'BigData Congress'),(31,'Big Data - Security and Privacy.','757-761',2015,'2015-08-27',NULL,'BigData Congress'),(32,'Geometrical and Topological Modelling: A Fast Computation of Spatial 3D TLS Data Selections.','17-24',2015,'2015-08-27',NULL,'BigData Congress'),(33,'Vigiles: Fine-Grained Access Control for MapReduce Systems.','40-47',2014,'2014-11-18',NULL,'BigData Congress'),(34,'Duplicate Detection for Identifying Social Spam in Microblogs.','141-148',2013,'2013-11-14',NULL,'BigData Congress'),(35,'Towards a Set Theoretical Approach to Big Data Analytics.','629-636',2014,'2014-11-18',NULL,'BigData Congress'),(36,'Scientific Data Infrastructure for Sustainability Science Mobile Applications.','804-805',2014,'2014-11-18',NULL,'BigData Congress'),(37,'Building a Massive Stream Computing Platform for Flexible Applications.','414-421',2014,'2014-11-18',NULL,'BigData Congress'),(38,'Economical Data-Intensive Service Provision Supported with a Modified Genetic Algorithm.','355-362',2013,'2013-11-14',NULL,'BigData Congress'),(39,'Contextual Anomaly Detection in Big Sensor Data.','64-71',2014,'2014-11-18',NULL,'BigData Congress'),(40,'k-Means Performance Improvements with Centroid Calculation Heuristics Both for Serial and Parallel Environments.','444-451',2015,'2015-11-13',NULL,'BigData Congress'),(41,'Sequence-Growth: A Scalable and Effective Frequent Itemset Mining Algorithm for Big Data Based on MapReduce Framework.','393-400',2015,'2015-08-27',NULL,'BigData Congress'),(42,'Making Big Data, Privacy, and Anonymization Work Together in the Enterprise: Experiences and Issues.','601-607',2014,'2014-11-18',NULL,'BigData Congress'),(43,'Multifaceted Visualisation of Annotated Social Media Data.','699-706',2014,'2014-11-18',NULL,'BigData Congress'),(44,'Enterprise Relationship Network: Build Foundation for Social Business.','347-354',2014,'2014-11-18',NULL,'BigData Congress'),(45,'The PigMix Benchmark on Pig, MapReduce, and HPCC Systems.','643-648',2015,'2015-11-17',NULL,'BigData Congress'),(46,'Bridging the Gap between Spatial Data Sources and Mashup Applications.','554-561',2014,'2014-11-18',NULL,'BigData Congress'),(47,'BigObject Store: In-Place Computing for Interactive Analytics.','538-545',2014,'2014-11-18',NULL,'BigData Congress'),(48,'How to Send a Self-Destructing Email: A Method of Self-Destructing Email System.','304-309',2014,'2014-11-18',NULL,'BigData Congress'),(49,'A Bandwidth-Conscious Caching Scheme for Mobile Devices.','78-85',2013,'2013-11-14',NULL,'BigData Congress'),(50,'A Discussion of Privacy Challenges in User Profiling with Big Data Techniques: The EEXCESS Use Case.','25-30',2013,'2013-11-14',NULL,'BigData Congress'),(51,'Two Screening Methods for Genetic Association Study with Application to Psoriasis Microarray Data Sets.','324-326',2015,'2015-08-27',NULL,'BigData Congress'),(52,'MapCheckReduce: An Improved MapReduce Computing Model for Imprecise Applications.','366-373',2014,'2014-11-18',NULL,'BigData Congress'),(53,'Ctracer: Uncover C&C in Advanced Persistent Threats Based on Scalable Framework for Enterprise Log Data.','551-558',2015,'2015-08-27',NULL,'BigData Congress'),(54,'Research Directions for Big Data Graph Analytics.','785-794',2015,'2015-08-27',NULL,'BigData Congress'),(55,'Efficient String Sorting on Multi - and Many-Core Architectures.','637-644',2014,'2014-11-18',NULL,'BigData Congress'),(56,'LightGraph: Lighten Communication in Distributed Graph-Parallel Processing.','717-724',2014,'2014-11-18',NULL,'BigData Congress'),(57,'ADAM - A Database and Information Retrieval System for Big Multimedia Collections.','406-413',2014,'2014-11-18',NULL,'BigData Congress'),(58,'Distributed Processing from Large Scale Sensor Network Using Hadoop.','417-418',2013,'2013-11-14',NULL,'BigData Congress'),(59,'DeltaDB: A Scalable Database Design for Time-Varying Schema-Free Data.','104-111',2014,'2014-11-18',NULL,'BigData Congress'),(60,'Techniques for Graph Analytics on Big Data.','255-262',2013,'2013-11-14',NULL,'BigData Congress'),(61,'Scalable and Trustworthy Cross-Enterprise WfMSs by Cloud Collaboration.','70-77',2013,'2013-11-14',NULL,'BigData Congress'),(62,'Using Multimedia Ontologies for Automatic Image Annotation and Classification.','242-249',2014,'2014-11-18',NULL,'BigData Congress'),(63,'A Holistic Framework for Big Scientific Data Management.','220-226',2014,'2014-11-18',NULL,'BigData Congress'),(64,'Crowdsourcing Service Design for Social Enterprise Insight Innovation.','367-373',2015,'2015-08-27',NULL,'BigData Congress'),(65,'A Scalable Approach for Online Hierarchical Big Data Mining.','1-8',2015,'2015-08-27',NULL,'BigData Congress'),(66,'Big Data Driven Cyber Analytic System.','615-622',2015,'2015-08-27',NULL,'BigData Congress'),(67,'Enabling Privacy Mechanisms in Apache Storm.','102-109',2015,'2015-08-27',NULL,'BigData Congress'),(68,'A Community-Based Cloud Computing Caching Service.','559-566',2015,'2015-08-27',NULL,'BigData Congress'),(69,'Energy Signature Analysis: Knowledge at Your Fingertips.','543-550',2015,'2015-08-27',NULL,'BigData Congress'),(70,'CroTIS-Crowdsourcing Based Traffic Information System.','271-277',2013,'2013-11-14',NULL,'BigData Congress'),(71,'Effective Interpretation of Bucket Testing Results through Big Data Analytics.','439-440',2013,'2013-11-14',NULL,'BigData Congress'),(72,'Enterprise Search with Development for Network Management System.','430-437',2015,'2015-08-27',NULL,'BigData Congress'),(73,'Performance Implications of SSDs in Virtualized Hadoop Clusters.','586-593',2014,'2014-11-18',NULL,'BigData Congress'),(74,'A Scalable Complex Pattern Mining Framework for Global Settlement Mapping.','514-521',2015,'2015-08-27',NULL,'BigData Congress'),(75,'Cost and Time Aware Ant Colony Algorithm for Data Replica in Alpha Magnetic Spectrometer Experiment.','247-254',2013,'2013-11-14',NULL,'BigData Congress'),(76,'An Effective Integrated Method for Learning Big Imbalanced Data.','691-698',2014,'2014-11-19',NULL,'BigData Congress'),(77,'Big Data Security and Privacy Issues in Healthcare.','762-765',2014,'2014-11-18',NULL,'BigData Congress'),(78,'Data for All: A Systems Approach to Accelerate the Path from Data to Insight.','427-428',2013,'2014-05-30',NULL,'BigData Congress'),(79,'Data Allocation in Scalable Distributed Database Systems Based on Time Series Forecasting.','17-24',2013,'2014-10-20',NULL,'BigData Congress'),(80,'Hybrid Traffic Speed Modeling and Prediction Using Real-World Data.','230-237',2015,'2015-08-27',NULL,'BigData Congress'),(81,'Fast Similar Subgraph Search with Maximum Common Connected Subgraph Constraints.','181-188',2013,'2013-11-14',NULL,'BigData Congress'),(82,'Provenance as a Service: A Data-centric Approach for Real-Time Monitoring.','258-265',2014,'2014-11-18',NULL,'BigData Congress'),(83,'Scalable XPath Evaluation on Large-Scale Continuously Evolving XML Repositories.','546-553',2014,'2014-11-18',NULL,'BigData Congress'),(84,'Large-Scale Heterogeneous Program Retrieval through Frequent Pattern Discovery and Feature Correlation Analysis.','780-781',2014,'2014-11-18',NULL,'BigData Congress'),(85,'Red-RF: Reduced Random Forest for Big Data Using Priority Voting & Dynamic Data Reduction.','118-125',2015,'2015-08-27',NULL,'BigData Congress'),(86,'Risk-Adjusted Monitoring Method for Surgical Data: Methodology for Data Analytics (Work in Progress).','317-319',2015,'2015-08-27',NULL,'BigData Congress'),(87,'Real-Time Integration of Building Energy Data.','250-257',2014,'2014-11-18',NULL,'BigData Congress'),(88,'Terms Mining in Document-Based NoSQL: Response to Unstructured Data.','661-668',2014,'2014-11-18',NULL,'BigData Congress'),(89,'Matrix-Based XML Stream Processing Using a GPU.','694-697',2015,'2015-08-27',NULL,'BigData Congress'),(90,'Parallel POD Compression of Time-Varying Big Datasets Using m-Swap on the K Computer.','438-445',2014,'2014-11-18',NULL,'BigData Congress'),(91,'Graph-Based Hierarchical Categorization of Microblog Users.','149-156',2013,'2013-11-14',NULL,'BigData Congress'),(92,'Predictive Modeling for Comfortable Death Outcome Using Electronic Health Records.','409-415',2015,'2015-09-06',NULL,'BigData Congress'),(93,'GrandLand Traffic Data Processing Platform.','766-767',2014,'2014-11-18',NULL,'BigData Congress'),(94,'A Study on Sentiment Computing and Classification of Sina Weibo with Word2vec.','358-363',2014,'2014-11-18',NULL,'BigData Congress'),(95,'Challenges of Privacy Protection in Big Data Analytics.','235-238',2013,'2013-11-14',NULL,'BigData Congress'),(96,'Benchmarking Apache Accumulo BigData Distributed Table Store Using Its Continuous Test Suite.','334-341',2013,'2013-11-14',NULL,'BigData Congress'),(97,'Nimbus: Tuning Filters Service on Tweet Streams.','623-630',2015,'2015-08-27',NULL,'BigData Congress'),(98,'Queriosity: Automated Data Exploration.','716-719',2015,'2015-08-27',NULL,'BigData Congress'),(99,'A Study of Data Locality in YARN.','174-181',2015,'2015-08-27',NULL,'BigData Congress'),(100,'YCSB and TPC-H: Big Data and Decision Support Benchmarks.','800-801',2014,'2014-11-18',NULL,'BigData Congress'),(101,'Service-Generated Big Data and Big Data-as-a-Service: An Overview.','403-410',2013,'2013-11-14',NULL,'BigData Congress'),(102,'OpenStack Café: A Novel Time-Based User-centric Resource Management Framework in the Cloud.','422-429',2014,'2014-11-18',NULL,'BigData Congress'),(103,'Enumerating Maximal Bicliques from a Large Graph Using MapReduce.','707-716',2014,'2014-11-18',NULL,'BigData Congress'),(104,'Embracing Big Data for Simulation Modelling of Emergency Department Processes and Activities.','313-316',2015,'2015-08-27',NULL,'BigData Congress'),(105,'Practising Scalable Graph Similarity Joins in MapReduce.','112-119',2014,'2014-11-18',NULL,'BigData Congress'),(106,'Road Traffic Analytic Query Processing Based on a Timeline Modeling.','708-711',2015,'2015-08-27',NULL,'BigData Congress'),(107,'Highly Scalable Sequential Pattern Mining Based on MapReduce Model on the Cloud.','310-317',2013,'2013-11-14',NULL,'BigData Congress'),(108,'RABID: A Distributed Parallel R for Large Datasets.','725-732',2014,'2014-11-18',NULL,'BigData Congress'),(109,'A Big Data Architecture for Large Scale Security Monitoring.','56-63',2014,'2014-11-18',NULL,'BigData Congress'),(110,'Inherent Replica Inconsistency in Cassandra.','740-747',2014,'2014-12-04',NULL,'BigData Congress'),(111,'Content Based Image Retrieval on Hadoop Framework.','661-664',2015,'2015-08-27',NULL,'BigData Congress'),(112,'Characterization of 3G Data-Plane Traffic and Application towards Centralized Control and Management for Software Defined Networking.','278-285',2013,'2013-11-14',NULL,'BigData Congress'),(113,'A Memory-Based Continuous Query Index for Stream Processing.','768-769',2014,'2014-11-18',NULL,'BigData Congress'),(114,'Web Service Recommendations Based on Time-Aware Bayesian Networks.','359-366',2015,'2015-08-27',NULL,'BigData Congress'),(115,'A Compatible LZMA ORC-Based Optimization for High Performance Big Data Load.','80-87',2014,'2014-11-18',NULL,'BigData Congress'),(116,'Fast Quasi-biclique Mining with Giraph.','347-354',2013,'2013-11-14',NULL,'BigData Congress'),(117,'Big Data Open Source Platforms.','268-275',2015,'2015-08-27',NULL,'BigData Congress'),(118,'High-Order Tensor Decomposition for Large-Scale Data Analysis.','665-668',2015,'2015-08-27',NULL,'BigData Congress'),(119,'Towards a Semantic Extract-Transform-Load (ETL) Framework for Big Data Integration.','522-529',2014,'2014-11-18',NULL,'BigData Congress'),(120,'A Real-Time Decision Support Tool for Disaster Response: A Mathematical Programming Approach.','639-642',2015,'2015-08-27',NULL,'BigData Congress'),(121,'Hydrological Time Series Anomaly Mining Based on Symbolization and Distance Measure.','339-346',2014,'2014-11-18',NULL,'BigData Congress'),(122,'Policy Design Based on Risk at Big Data Era: Case Study of Privacy Invasion in South Korea.','756-759',2014,'2014-11-18',NULL,'BigData Congress'),(123,'Federated MapReduce to Transparently Run Applications on Multicluster Environment.','296-303',2014,'2014-11-18',NULL,'BigData Congress'),(124,'The Babel File System.','234-241',2014,'2016-02-17',NULL,'BigData Congress'),(125,'Data Abstraction and Visualisation in Next Step: Experiences from a Government Services Delivery Trial.','263-270',2013,'2013-11-14',NULL,'BigData Congress'),(126,'An Effective Process Mining Approach against Diverse Logs Based on Case Classification.','351-358',2015,'2015-08-27',NULL,'BigData Congress'),(127,'ODBAPI: A Unified REST API for Relational and NoSQL Data Stores.','653-660',2014,'2014-11-18',NULL,'BigData Congress'),(128,'H-DRIVE: A Big Health Data Analytics Platform for Evidence-Informed Decision Making.','416-423',2015,'2015-08-27',NULL,'BigData Congress'),(129,'Smart M2M Data Filtering Using Domain-Specific Thresholds in Domain-Agnostic Platforms.','286-293',2013,'2013-11-14',NULL,'BigData Congress'),(130,'Hadoop Image Processing Framework.','506-513',2015,'2015-08-27',NULL,'BigData Congress'),(131,'SiLK: A Tool Suite for Unsampled Network Flow Analysis at Scale.','184-191',2014,'2015-11-04',NULL,'BigData Congress'),(132,'SPOAN: Load Balancing Replica Placement Strategy for Large Scale Biometric Identification Service.','326-333',2013,'2013-11-14',NULL,'BigData Congress'),(133,'Distributed SPARQL Query Answering over RDF Data Streams.','369-378',2013,'2013-11-14',NULL,'BigData Congress'),(134,'Engineering Privacy for Big Data Apps with the Unified Modeling Language.','38-45',2013,'2013-11-14',NULL,'BigData Congress'),(135,'The Application of Cartesian-Join of Bloom Filters to Supporting Membership Query of Multidimensional Data.','288-295',2014,'2014-11-18',NULL,'BigData Congress'),(136,'Machine Learning-Based Configuration Parameter Tuning on Hadoop System.','386-392',2015,'2015-08-27',NULL,'BigData Congress'),(137,'Patient Flow Evaluation with System Dynamic Model in an Emergency Department: Data Analytics on Daily Hospital Records.','320-323',2015,'2015-09-06',NULL,'BigData Congress'),(138,'FSM-H: Frequent Subgraph Mining Algorithm in Hadoop.','9-16',2014,'2014-11-18',NULL,'BigData Congress'),(139,'Cleaning Framework for Big Data - Object Identification and Linkage.','215-221',2015,'2015-08-27',NULL,'BigData Congress'),(140,'Online Nonlinear Classification for High-Dimensional Data.','685-688',2015,'2015-08-27',NULL,'BigData Congress'),(141,'Distributed Maximal Clique Computation.','160-167',2014,'2014-11-18',NULL,'BigData Congress'),(142,'IP2User - Identifying the Username of an IP Address in Network-Related Events.','435-436',2013,'2013-11-14',NULL,'BigData Congress'),(143,'Dmodel: Online Taxicab Demand Model from Big Sensor Data in a Roving Sensor Network.','152-159',2014,'2014-11-18',NULL,'BigData Congress'),(144,'Effects of Word Assignment in LDA for News Topic Discovery.','374-380',2015,'2015-08-27',NULL,'BigData Congress'),(145,'Data Sharing for Cloud Computing Platforms.','621-628',2014,'2014-11-18',NULL,'BigData Congress'),(146,'A Tale of Two Data-Intensive Paradigms: Applications, Abstractions, and Architectures.','645-652',2014,'2014-11-18',NULL,'BigData Congress'),(147,'Lethe: Cluster-Based Indexing for Secure Multi-user Search.','323-330',2014,'2014-11-18',NULL,'BigData Congress'),(148,'Efficient Probabilistic Skyline Query Processing in MapReduce.','203-210',2013,'2013-11-14',NULL,'BigData Congress'),(149,'Distributed Stochastic Aware Random Forests - Efficient Data Mining for Big Data.','425-426',2013,'2013-11-14',NULL,'BigData Congress'),(150,'Toa: A Web Based Network Flow Data Monitoring System at Scale.','438-443',2015,'2015-08-27',NULL,'BigData Congress'),(151,'Big Data Analytics Framework for System Health Monitoring.','401-408',2015,'2015-08-27',NULL,'BigData Congress'),(152,'Big R: Large-Scale Analytics on Hadoop Using R.','570-577',2014,'2014-11-18',NULL,'BigData Congress'),(153,'Big Data Infrastructure for Active Situation Awareness on Social Network Services.','411-412',2013,'2013-11-14',NULL,'BigData Congress'),(154,'Money on the Move: Big Data of Bank Card Transactions as the New Proxy for Human Mobility Patterns and Regional Delineation. The Case of Residents and Foreign Visitors in Spain.','136-143',2014,'2014-11-18',NULL,'BigData Congress'),(155,'A Latent Semantic Pattern Recognition Strategy for an Untrivial Targeted Advertising.','491-498',2015,'2015-08-27',NULL,'BigData Congress'),(156,'Phishing URL Detection Using URL Ranking.','635-638',2015,'2015-08-27',NULL,'BigData Congress'),(157,'Storing a Collection of Differentially Compressed Files Recursively.','88-95',2014,'2014-11-18',NULL,'BigData Congress'),(158,'Meta Data: Big Data Research Evolving across Disciplines, Players, and Topics.','262-267',2015,'2015-08-27',NULL,'BigData Congress'),(159,'Data Base Analysis Using a Compact Data Set.','227-233',2014,'2014-11-18',NULL,'BigData Congress'),(160,'Optimal Self-Healing of Service-Oriented Systems with Incomplete Information.','227-234',2013,'2013-11-14',NULL,'BigData Congress'),(161,'Incorporating Tie Strength in Robust Social Recommendation.','63-70',2015,'2015-08-27',NULL,'BigData Congress'),(162,'RSenter: Tool for Topics and Terms Extraction from Unstructured Data Debris.','395-402',2013,'2013-11-14',NULL,'BigData Congress'),(163,'Efficient and Self-Balanced ROLLUP Aggregates for Large-Scale Data Summarization.','158-165',2015,'2015-08-27',NULL,'BigData Congress'),(164,'Supporting Performance Isolation in Software as a Service Systems with Rich Clients.','297-304',2015,'2015-08-27',NULL,'BigData Congress'),(165,'Spatio-temporal Pseudo Relevance Feedback for Large-Scale and Heterogeneous Scientific Repositories.','669-676',2014,'2014-11-18',NULL,'BigData Congress'),(166,'Towards Efficient KNN Joins on Data Streams.','782-783',2014,'2014-11-18',NULL,'BigData Congress'),(167,'High-Performance Spatial Query Processing on Big Taxi Trip Data Using GPGPUs.','72-79',2014,'2014-11-18',NULL,'BigData Congress'),(168,'Study on Corporate Governance of Stock Market in Korea: Network Analysis with Relationship of Major Shareholders.','522-525',2015,'2015-08-27',NULL,'BigData Congress'),(169,'Developing a Real-Time Data Analytics Framework Using Hadoop.','657-660',2015,'2015-08-27',NULL,'BigData Congress'),(170,'Trend Analysis of Time Series Data Using Data Mining Techniques.','430-437',2014,'2014-11-18',NULL,'BigData Congress'),(171,'A Parallel Distributed Weka Framework for Big Data Mining Using Spark.','9-16',2015,'2015-08-27',NULL,'BigData Congress'),(172,'CouchFS: A High-Performance File System for Large Data Sets.','784-785',2014,'2014-11-18',NULL,'BigData Congress'),(173,'Matrix Inter-joint Factorization - A New Approach for Topic Derivation in Twitter.','79-86',2015,'2015-08-27',NULL,'BigData Congress'),(174,'Online Association Rule Mining over Fast Data.','110-117',2013,'2013-11-14',NULL,'BigData Congress'),(175,'A Database-Hadoop Hybrid Approach to Scalable Machine Learning.','1-8',2013,'2013-11-14',NULL,'BigData Congress'),(176,'Fraud Detection on Large Scale Social Networks.','413-414',2013,'2013-11-14',NULL,'BigData Congress'),(177,'Automated Trading with Machine Learning on Big Data.','824-830',2014,'2014-11-18',NULL,'BigData Congress'),(178,'Learning Classifiers from Chains of Multiple Interlinked RDF Data Stores.','94-101',2013,'2013-11-14',NULL,'BigData Congress'),(179,'T-PICE: Twitter Personality Based Influential Communities Extraction System.','212-219',2014,'2014-11-18',NULL,'BigData Congress'),(180,'Network-Aware Web Service Selection in Dynamic Environment.','415-416',2013,'2013-11-15',NULL,'BigData Congress'),(181,'Knowledge Discovery from Big Data for Intrusion Detection Using LDA.','760-761',2014,'2014-11-18',NULL,'BigData Congress'),(182,'Really Opened Government Data: A Collaborative Transparency at Sight.','806-807',2014,'2016-04-07',NULL,'BigData Congress'),(183,'A Study on Trend Prediction in Sina Weibo Community.','364-365',2014,'2014-11-18',NULL,'BigData Congress'),(184,'Revealing the Causes of Dynamic Change in Protein-Protein Interaction Network.','189-194',2013,'2013-11-14',NULL,'BigData Congress'),(185,'Unsupervised Event Detection with Infinite Poisson Mixture Model.','567-575',2015,'2015-08-27',NULL,'BigData Congress'),(186,'Constructing an Issue Network from the Perspective of Common R&D Keywords.','772-773',2014,'2014-11-18',NULL,'BigData Congress'),(187,'An Autonomic Mediation Framework for Complex Physical Environments.','506-513',2014,'2014-11-18',NULL,'BigData Congress'),(188,'A Semantic Recommender for Micro-blog Users.','55-62',2015,'2015-08-27',NULL,'BigData Congress'),(189,'Lightweight Distributed Execution Engine for Large-Scale Spatial Join Query Processing.','150-157',2015,'2015-08-27',NULL,'BigData Congress'),(190,'Supervised Machine Learning Model for High Dimensional Gene Data in Colon Cancer Detection.','134-141',2015,'2015-08-27',NULL,'BigData Congress'),(191,'A Computational Framework for Integrating and Retrieving Biodiversity Data on a Large Scale.','786-787',2014,'2016-04-07',NULL,'BigData Congress'),(192,'A Discriminant Framework for Detecting Similar Scientific Research Projects Based on Big Data Mining.','478-481',2014,'2014-11-18',NULL,'BigData Congress'),(193,'Application-Specific Evaluation of No SQL Databases.','526-534',2015,'2015-08-27',NULL,'BigData Congress'),(194,'Secure Outsourcing of Network Flow Data Analysis.','431-432',2013,'2013-11-14',NULL,'BigData Congress'),(195,'Approximate Queries on Big Heterogeneous Data.','712-715',2015,'2015-08-27',NULL,'BigData Congress'),(196,'SPTI: Efficient Answering the Shortest Path Query on Large Graphs.','195-202',2013,'2013-11-14',NULL,'BigData Congress'),(197,'Scalable Parallel Join for Huge Tables.','157-164',2013,'2013-11-14',NULL,'BigData Congress'),(198,'Reconstructability-Aware Filtering and Forwarding of Time Series Data in Internet-of-Things Architectures.','576-583',2015,'2015-08-27',NULL,'BigData Congress'),(199,'A Workflow Model for Adaptive Analytics on Big Data.','673-676',2015,'2015-08-27',NULL,'BigData Congress'),(200,'Data Quality and Energy Management Tradeoffs in Sensor Service Clouds.','749-752',2015,'2015-08-27',NULL,'BigData Congress'),(201,'Understanding Student Behaviors in Online Classroom: Data Scientific Approach.','802-803',2014,'2014-11-18',NULL,'BigData Congress'),(202,'Scaling of City Attractiveness for Foreign Visitors through Big Data of Human Economical and Social Media Activity.','600-607',2015,'2015-08-27',NULL,'BigData Congress'),(203,'Database Security: Past, Present, and Future.','772-774',2015,'2015-08-27',NULL,'BigData Congress'),(204,'Identifying Relevant Formal Concepts through the Collapse Index.','207-214',2015,'2015-08-27',NULL,'BigData Congress'),(205,'Big Data Pre-processing: A Quality Framework.','191-198',2015,'2015-08-27',NULL,'BigData Congress'),(206,'Cloud Tree: A Library to Extend Cloud Services for Trees.','689-693',2015,'2015-08-27',NULL,'BigData Congress'),(207,'A Cloud-Computing Local Histogram Construction Algorithm for Big Image Data.','200-203',2014,'2014-11-18',NULL,'BigData Congress'),(208,'Big Data Collection Gateway for Vision-Based Smart Meter Reading Network.','266-269',2014,'2014-11-18',NULL,'BigData Congress'),(209,'A Clustered Approach for Fast Computation of Betweenness Centrality in Social Networks.','47-54',2015,'2015-08-27',NULL,'BigData Congress'),(210,'Automation of the Validation, Anonymization, and Augmentation of Big Data from a Multi-year Driving Study.','608-614',2015,'2015-08-27',NULL,'BigData Congress'),(211,'Distributed Implementation of Latent Rating Pattern Sharing Based Cross-domain Recommender System Approach.','482-489',2014,'2015-01-20',NULL,'BigData Congress'),(212,'Labeling Instances in Evolving Data Streams with MapReduce.','387-394',2013,'2013-11-14',NULL,'BigData Congress'),(213,'MapReduce-Based SimRank Computation and Its Application in Social Recommender System.','133-140',2013,'2013-11-14',NULL,'BigData Congress'),(214,'Point and Interval Estimation Method for Auto-regressive Model with Nonnormal Error.','379-386',2013,'2013-11-14',NULL,'BigData Congress'),(215,'A Throughput Driven Task Scheduler for Improving MapReduce Performance in Job-Intensive Environments.','211-218',2013,'2013-11-14',NULL,'BigData Congress'),(216,'Learning Classifiers from Distributional Data.','302-309',2013,'2013-11-14',NULL,'BigData Congress'),(217,'Hydrological Big Data Prediction Based on Similarity Search and Improved BP Neural Network.','343-350',2015,'2015-08-27',NULL,'BigData Congress'),(218,'Internet Archives as a Tool for Research: Decay in Large Scale Archival Records.','724-727',2015,'2015-08-27',NULL,'BigData Congress'),(219,'Optimizing Query Prices for Data-as-a-Service.','289-296',2015,'2015-08-27',NULL,'BigData Congress'),(220,'Optigrow: People Analytics for Job Transfers.','535-542',2015,'2015-08-27',NULL,'BigData Congress'),(221,'Energy-Aware Scheduling of MapReduce Jobs.','32-39',2014,'2014-11-18',NULL,'BigData Congress'),(222,'Consistent Process Mining over Big Data Triple Stores.','54-61',2013,'2013-11-14',NULL,'BigData Congress'),(223,'Towards Cloud-Based Analytics-as-a-Service (CLAaaS) for Big Data Analytics in the Cloud.','62-69',2013,'2013-11-14',NULL,'BigData Congress'),(224,'Work in Progress - In-Memory Analysis for Healthcare Big Data.','778-779',2014,'2014-11-18',NULL,'BigData Congress'),(225,'GraphLens: Mining Enterprise Storage Workloads Using Graph Analytics.','1-8',2014,'2014-11-18',NULL,'BigData Congress'),(226,'Graph Data Warehouse: Steps to Integrating Graph Databases Into the Traditional Conceptual Structure of a Data Warehouse.','433-434',2013,'2013-11-14',NULL,'BigData Congress'),(227,'Does Social Media Big Data Make the World Smaller? An Exploratory Analysis of Keyword-Hashtag Networks.','454-461',2014,'2014-11-18',NULL,'BigData Congress'),(228,'Auto-configuration System and Algorithms for Big Data-Enabled Internet-of-Things Platforms.','490-497',2014,'2014-11-18',NULL,'BigData Congress'),(229,'Speech and Singing Discrimination for Audio Data Indexing.','276-280',2014,'2014-11-18',NULL,'BigData Congress'),(230,'A Flexible Data-Driven Approach for Execution Trace Filtering.','698-703',2015,'2015-08-27',NULL,'BigData Congress'),(231,'BigData Oriented Open Scalable Relational Data Model.','398-405',2014,'2014-11-18',NULL,'BigData Congress'),(232,'Approximate Incremental Big-Data Harmonization.','118-125',2013,'2013-11-14',NULL,'BigData Congress'),(233,'The Knowledge Service Project in the Era of Big Data.','429-430',2013,'2013-11-14',NULL,'BigData Congress'),(234,'Ranking Keyword Search Results with Query Logs.','770-771',2014,'2014-11-18',NULL,'BigData Congress'),(235,'Supporting Data Driven Access through Automatic Keyword Extraction and Summarization.','704-707',2015,'2015-08-27',NULL,'BigData Congress'),(236,'Blood Pressure Management with Data Capturing in the Cloud among Hypertensive Patients: A Monitoring Platform for Hypertensive Patients.','305-308',2015,'2015-08-27',NULL,'BigData Congress'),(237,'Resource Provisioning with QoS in Cloud Storage.','616-620',2014,'2014-11-18',NULL,'BigData Congress'),(238,'No SQL in Practice: A Write-Heavy Enterprise Application.','584-591',2015,'2015-08-27',NULL,'BigData Congress'),(239,'Predicting Wikipedia Editor\'s Editing Interest Based on Factor Graph Model.','382-389',2014,'2014-11-18',NULL,'BigData Congress'),(240,'On the Way to Big Data Applications in Industrial Computed Tomography.','792-793',2014,'2014-11-18',NULL,'BigData Congress'),(241,'Towards Automatic Veracity Assessment of Open Source Information.','199-206',2015,'2015-08-27',NULL,'BigData Congress'),(242,'Big Data Analytics for Predictive Manufacturing Control - A Case Study from Process Industry.','530-537',2014,'2014-11-18',NULL,'BigData Congress'),(243,'Social Network Analysis of Developers\' and Users\' Mailing Lists of Some Free Open Source Software.','728-732',2015,'2015-08-27',NULL,'BigData Congress'),(244,'A Processing Pipeline for Cassandra Datasets Based on Hadoop Streaming.','168-175',2014,'2014-11-18',NULL,'BigData Congress'),(245,'A BSP-Based Parallel Iterative Processing System with Multiple Partition Strategies for Big Graphs.','173-180',2013,'2013-11-14',NULL,'BigData Congress'),(246,'Using Big Data for Profiling Heavy Users in Top Video Apps.','381-385',2015,'2015-08-27',NULL,'BigData Congress'),(247,'Asynchronous Service Analysis of Cloud DVR DataCenter.','776-777',2014,'2014-11-18',NULL,'BigData Congress'),(248,'Towards Big Data Bayesian Network Learning - An Ensemble Learning Based Approach.','355-357',2014,'2014-11-18',NULL,'BigData Congress'),(249,'A Combinatorial Approach to Multidimensional Scaling.','562-569',2014,'2014-11-18',NULL,'BigData Congress'),(250,'Decentralized Trust Driven Access Control for Mobile Content Sharing.','239-246',2013,'2013-11-14',NULL,'BigData Congress'),(251,'Adaptive Indexing for Distributed Array Processing.','331-338',2014,'2014-11-18',NULL,'BigData Congress'),(252,'How to Choose a Recommender System: Insights and Experiences for Large-Scale User Personalization.','475-482',2015,'2015-08-27',NULL,'BigData Congress'),(253,'Big Data Infrastructure for analyzing data generated by Wireless Sensor Networks.','816-823',2014,'2014-11-18',NULL,'BigData Congress'),(254,'Temporal Event Tracing on Big Healthcare Data Analytics.','281-287',2014,'2015-12-05',NULL,'BigData Congress'),(255,'Approximate Two-Party Privacy-Preserving String Matching with Linear Complexity.','31-37',2013,'2013-11-14',NULL,'BigData Congress'),(256,'Reducing the Search Space for Big Data Mining for Interesting Patterns from Uncertain Data.','315-322',2014,'2014-11-18',NULL,'BigData Congress'),(257,'Trace-Based Analysis and Prediction of Cloud Computing User Behavior Using the Fractal Modeling Technique.','733-739',2014,'2014-11-18',NULL,'BigData Congress'),(258,'A Parallel Spatial Co-location Mining Algorithm Based on MapReduce.','25-31',2014,'2014-11-18',NULL,'BigData Congress'),(259,'Cloud Distributed Processing Using Trade Wind.','437-438',2013,'2013-11-14',NULL,'BigData Congress'),(260,'Characterizing and Modeling Package Dynamics in Express Shipping Service Network.','144-151',2014,'2014-11-18',NULL,'BigData Congress'),(261,'Towards a Quality-centric Big Data Architecture for Federated Sensor Services.','86-93',2013,'2013-11-14',NULL,'BigData Congress'),(262,'Scalable Query Optimization for Efficient Data Processing Using MapReduce.','649-652',2015,'2015-08-27',NULL,'BigData Congress'),(263,'CloudJet4BigData: Streamlining Big Data via an Accelerated Socket Interface.','608-615',2014,'2014-11-18',NULL,'BigData Congress'),(264,'Diagnosing Virtualized Hadoop Performance from Benchmark Results: An Exploratory Study.','578-585',2014,'2014-11-18',NULL,'BigData Congress'),(265,'Storage Mining: Where IT Management Meets Big Data Analytics.','421-422',2013,'2013-11-14',NULL,'BigData Congress'),(266,'A Data Capturing Platform in the Cloud for Behavioral Analysis among Smokers: An Application Platform for Public Health Research.','737-740',2015,'2015-08-27',NULL,'BigData Congress'),(267,'CoUPE: Continuous Query Processing Engine for Evolving Graphs.','142-149',2015,'2015-08-27',NULL,'BigData Congress'),(268,'Distributed SPARQL over Big RDF Data: A Comparative Analysis Using Presto and MapReduce.','33-40',2015,'2015-08-27',NULL,'BigData Congress'),(269,'Tree Matching Using Data Shaping.','166-173',2015,'2015-08-27',NULL,'BigData Congress'),(270,'IEEE International Congress on Big Data, BigData Congress 2013, June 27 2013-July 2, 2013','not available',2013,'2015-08-28',NULL,'BigData Congress'),(271,'Greft: Arbitrary Fault-Tolerant Distributed Graph Processing.','452-459',2015,'2015-08-27',NULL,'BigData Congress'),(272,'Multi-resolution Social Network Community Identification and Maintenance on Big Data Platform.','102-109',2013,'2013-11-14',NULL,'BigData Congress'),(273,'Classifying and Aggregating Context Attributes for Business Service Requests - No \'One-Size-Fits-All\'.','808-815',2014,'2014-11-19',NULL,'BigData Congress'),(274,'Intelligent Big Data Analysis Architecture Based on Automatic Service Composition.','276-280',2015,'2015-08-27',NULL,'BigData Congress'),(275,'A Preliminary Approach to Domain-Based Evaluation of Users\' Trustworthiness in Online Social Networks.','460-466',2015,'2015-12-14',NULL,'BigData Congress'),(276,'Marimba: A Framework for Making MapReduce Jobs Incremental.','128-135',2014,'2014-11-18',NULL,'BigData Congress'),(277,'A Key-Value Based Application Platform for Enterprise Big Data.','446-453',2014,'2014-11-18',NULL,'BigData Congress'),(278,'On Retrieving Moving Objects Gathering Patterns from Trajectory Data via Spatio-temporal Graph.','390-397',2014,'2014-11-18',NULL,'BigData Congress'),(279,'An Approach to Social Relationship Ranking on Internet-Based Social Platforms by Tempo-spatial Data Mining Using Location Prediction Technique.','327-334',2015,'2015-08-27',NULL,'BigData Congress'),(280,'Design and Implementation of Network Transfer Protocol for Big Genomic Data.','281-288',2015,'2015-08-27',NULL,'BigData Congress'),(281,'Scalable State Management for Scientific Applications in the Cloud.','204-211',2014,'2014-11-18',NULL,'BigData Congress'),(282,'Indoor Air Monitoring Platform and Personal Health Reporting System: Big Data Analytics for Public Health Research.','309-312',2015,'2015-08-27',NULL,'BigData Congress'),(283,'Performance Analysis of Scheduling Algorithms for Dynamic Workflow Applications.','222-229',2015,'2015-08-27',NULL,'BigData Congress'),(284,'FSBD: A Framework for Scheduling of Big Data Mining in Cloud Computing.','514-521',2014,'2014-11-18',NULL,'BigData Congress'),(285,'A GPU Based SVM Method with Accelerated Kernel Matrix Calculation.','41-46',2015,'2015-08-27',NULL,'BigData Congress'),(286,'Replica Placement in Multi-tenant Database Environments.','246-253',2015,'2015-08-27',NULL,'BigData Congress'),(287,'Denial-of-Service Threat to Hadoop/YARN Clusters with Multi-tenancy.','48-55',2014,'2014-11-18',NULL,'BigData Congress'),(288,'Countering the Concept-Drift Problem in Big Data Using iOVFDT.','126-132',2013,'2016-03-24',NULL,'BigData Congress'),(289,'2014 IEEE International Congress on Big Data, Anchorage, AK, USA, June 27 - July 2, 2014','not available',2014,'2015-08-26',NULL,'BigData Congress'),(290,'Surveying Systems of Global Climate Change Simulation Data and Access Logs to Them.','342-346',2013,'2013-11-14',NULL,'BigData Congress'),(291,'RABID - A General Distributed R Processing Framework Targeting Large Data-Set Problems.','423-424',2013,'2013-11-14',NULL,'BigData Congress'),(292,'MCD: Mutual Clustering across Multiple Social Networks.','762-771',2015,'2015-08-27',NULL,'BigData Congress'),(293,'2015 IEEE International Congress on Big Data, New York City, NY, USA, June 27 - July 2, 2015','not available',2015,'2015-08-27',NULL,'BigData Congress'),(294,'Big SaaS: The Next Step Beyond Big Data.','775-784',2015,'2015-08-27',NULL,'BigData Congress'),(295,'Triangulation-Based Singer Identification for Duet Music Data Indexing.','270-275',2014,'2014-11-18',NULL,'BigData Congress'),(296,'Enrichment Patterns for Big Data.','796-799',2014,'2014-11-18',NULL,'BigData Congress'),(297,'Towards a Novel Model for Distributed Big Data Service Composition Using Functional Graph Matching.','794-795',2014,'2014-11-18',NULL,'BigData Congress'),(298,'Can We Rank Emotions? A Brand Love Ranking System for Emotional Terms.','71-78',2015,'2015-08-27',NULL,'BigData Congress'),(299,'Versioning Complex Data.','788-791',2014,'2014-11-18',NULL,'BigData Congress'),(300,'Data Visualization in Educational Datasets Using a Rule-Based Inference System.','462-469',2014,'2014-11-18',NULL,'BigData Congress'),(301,'Towards Emulation of Large Scale Complex Network Workloads on Graph Databases with XGDBench.','748-755',2014,'2014-11-18',NULL,'BigData Congress'),(302,'Computation and Search over Encrypted XML Documents.','631-634',2015,'2015-08-27',NULL,'BigData Congress'),(303,'Design and Realization of Cognitive Routing Resources Using Big Data Analysis in SDN.','424-429',2015,'2015-08-27',NULL,'BigData Congress'),(304,'Association Rule Mining of Personal Hobbies in Social Networks.','310-314',2014,'2014-11-18',NULL,'BigData Congress'),(305,'Analytics of Industrial Operational Data Inspired by Natural Language Processing.','681-684',2015,'2015-08-27',NULL,'BigData Congress'),(306,'Agriculture Data for All - Integrated Tools for Agriculture Data Integration, Analytics, and Sharing.','774-775',2014,'2014-11-18',NULL,'BigData Congress'),(307,'How Has Twitter Changed the Event Discussion Scenario? A Spatio-temporal Diffusion Analysis.','733-736',2015,'2015-08-27',NULL,'BigData Congress'),(308,'Analysis of Technology Trends Based on Big Data.','419-420',2013,'2013-11-14',NULL,'BigData Congress'),(309,'Small Is Beautiful: Summarizing Scientific Workflows Using Semantic Annotations.','318-325',2013,'2013-11-14',NULL,'BigData Congress'),(310,'Data Mining Approaches for Packaging Yield Prediction in the Post-fabrication Process.','363-368',2013,'2013-11-14',NULL,'BigData Congress'),(311,'Optimal and Efficient Distributed Online Learning for Big Data.','126-133',2015,'2015-08-27',NULL,'BigData Congress'),(312,'Behavioral Modeling for Churn Prediction: Early Indicators and Accurate Predictors of Custom Defection and Loyalty.','677-680',2015,'2015-08-27',NULL,'BigData Congress'),(313,'Rectangle Counting in Large Bipartite Graphs.','17-24',2014,'2014-11-18',NULL,'BigData Congress'),(314,'We Know Where You Are Tweeting From: Assigning a Type of Place to Tweets Using Natural Language Processing and Random Forests.','594-600',2014,'2014-11-18',NULL,'BigData Congress'),(315,'Tactical Clinical Text Mining for Improved Patient Characterization.','683-690',2014,'2014-11-18',NULL,'BigData Congress'),(316,'Optimal Feature Extraction and Classification of Tensors via Matrix Product State Decomposition.','669-672',2015,'2015-08-27',NULL,'BigData Congress');
/*!40000 ALTER TABLE `publication` ENABLE KEYS */;
UNLOCK TABLES;

--
-- Table structure for table `user`
--

DROP TABLE IF EXISTS `user`;
/*!40101 SET @saved_cs_client     = @@character_set_client */;
/*!40101 SET character_set_client = utf8 */;
CREATE TABLE `user` (
  `id` bigint(20) NOT NULL AUTO_INCREMENT,
  `email` varchar(255) DEFAULT NULL,
  `password` varchar(255) DEFAULT NULL,
  `first_name` varchar(255) DEFAULT NULL,
  `last_name` varchar(255) DEFAULT NULL,
  PRIMARY KEY (`id`)
) ENGINE=InnoDB DEFAULT CHARSET=utf8;
/*!40101 SET character_set_client = @saved_cs_client */;

--
-- Dumping data for table `user`
--

LOCK TABLES `user` WRITE;
/*!40000 ALTER TABLE `user` DISABLE KEYS */;
/*!40000 ALTER TABLE `user` ENABLE KEYS */;
UNLOCK TABLES;
/*!40103 SET TIME_ZONE=@OLD_TIME_ZONE */;

/*!40101 SET SQL_MODE=@OLD_SQL_MODE */;
/*!40014 SET FOREIGN_KEY_CHECKS=@OLD_FOREIGN_KEY_CHECKS */;
/*!40014 SET UNIQUE_CHECKS=@OLD_UNIQUE_CHECKS */;
/*!40101 SET CHARACTER_SET_CLIENT=@OLD_CHARACTER_SET_CLIENT */;
/*!40101 SET CHARACTER_SET_RESULTS=@OLD_CHARACTER_SET_RESULTS */;
/*!40101 SET COLLATION_CONNECTION=@OLD_COLLATION_CONNECTION */;
/*!40111 SET SQL_NOTES=@OLD_SQL_NOTES */;

-- Dump completed on 2016-04-21 12:34:55
